review_id,course_id,academy_id,learner_id,rating,review_text,CREATE_BY,CREATE_DATE,UPDATE_BY,UPDATE_DATE
RVW-00001,CRS-0005,ACA-0004,LNR-202600169,4.5,เนื้อหาเหมาะกับผู้เริ่มต้น,SYSTEM_ADMIN,2026-02-20 16:25:38,SYSTEM_ADMIN,2026-02-20 16:25:38
RVW-00002,CRS-0030,ACA-0002,LNR-202600060,3.6,อาจารย์สอนดี ตอบคำถามเร็ว,SYSTEM_ADMIN,2026-02-20 16:25:38,SYSTEM_ADMIN,2026-02-20 16:25:38
RVW-00003,CRS-0011,ACA-0002,LNR-202600088,3.0,คอร์สดีมาก เนื้อหาครบถ้วนเข้าใจง่าย,SYSTEM_ADMIN,2026-02-20 16:25:38,SYSTEM_ADMIN,2026-02-20 16:25:38
RVW-00004,CRS-0046,ACA-0005,LNR-202600199,4.2,ภาพรวมดีแต่อยากได้โปรเจกต์จริงเพิ่มเติม,SYSTEM_ADMIN,2026-02-20 16:25:38,SYSTEM_ADMIN,2026-02-20 16:25:38
RVW-00005,CRS-0003,ACA-0001,LNR-202600135,3.9,ภาพรวมดีแต่อยากได้โปรเจกต์จริงเพิ่มเติม,SYSTEM_ADMIN,2026-02-20 16:25:38,SYSTEM_ADMIN,2026-02-20 16:25:38
RVW-00006,CRS-0017,ACA-0004,LNR-202600095,3.4,ภาพรวมดีแต่อยากได้โปรเจกต์จริงเพิ่มเติม,SYSTEM_ADMIN,2026-02-20 16:25:38,SYSTEM_ADMIN,2026-02-20 16:25:38
RVW-00007,CRS-0006,ACA-0005,LNR-202600189,3.5,เนื้อหาเหมาะกับผู้เริ่มต้น,SYSTEM_ADMIN,2026-02-20 16:25:38,SYSTEM_ADMIN,2026-02-20 16:25:38
RVW-00008,CRS-0016,ACA-0002,LNR-202600166,4.9,ภาพรวมดีแต่อยากได้โปรเจกต์จริงเพิ่มเติม,SYSTEM_ADMIN,2026-02-20 16:25:38,SYSTEM_ADMIN,2026-02-20 16:25:38
RVW-00009,CRS-0001,ACA-0004,LNR-202600101,4.6,คอร์สดีมาก เนื้อหาครบถ้วนเข้าใจง่าย,SYSTEM_ADMIN,2026-02-20 16:25:38,SYSTEM_ADMIN,2026-02-20 16:25:38
RVW-00010,CRS-0039,ACA-0005,LNR-202600021,4.1,คอร์สดีมาก เนื้อหาครบถ้วนเข้าใจง่าย,SYSTEM_ADMIN,2026-02-20 16:25:38,SYSTEM_ADMIN,2026-02-20 16:25:38
RVW-00011,CRS-0020,ACA-0003,LNR-202600072,4.2,เนื้อหาเหมาะกับผู้เริ่มต้น,SYSTEM_ADMIN,2026-02-20 16:25:38,SYSTEM_ADMIN,2026-02-20 16:25:38
RVW-00012,CRS-0020,ACA-0005,LNR-202600066,3.8,ภาพรวมดีแต่อยากได้โปรเจกต์จริงเพิ่มเติม,SYSTEM_ADMIN,2026-02-20 16:25:38,SYSTEM_ADMIN,2026-02-20 16:25:38
RVW-00013,CRS-0013,ACA-0002,LNR-202600005,4.3,อาจารย์สอนดี ตอบคำถามเร็ว,SYSTEM_ADMIN,2026-02-20 16:25:38,SYSTEM_ADMIN,2026-02-20 16:25:38
RVW-00014,CRS-0046,ACA-0002,LNR-202600102,3.9,เนื้อหาเหมาะกับผู้เริ่มต้น,SYSTEM_ADMIN,2026-02-20 16:25:38,SYSTEM_ADMIN,2026-02-20 16:25:38
RVW-00015,CRS-0009,ACA-0004,LNR-202600191,3.0,เนื้อหาเหมาะกับผู้เริ่มต้น,SYSTEM_ADMIN,2026-02-20 16:25:38,SYSTEM_ADMIN,2026-02-20 16:25:38
RVW-00016,CRS-0018,ACA-0001,LNR-202600161,4.9,ภาพรวมดีแต่อยากได้โปรเจกต์จริงเพิ่มเติม,SYSTEM_ADMIN,2026-02-20 16:25:38,SYSTEM_ADMIN,2026-02-20 16:25:38
RVW-00017,CRS-0019,ACA-0001,LNR-202600035,3.3,อาจารย์สอนดี ตอบคำถามเร็ว,SYSTEM_ADMIN,2026-02-20 16:25:38,SYSTEM_ADMIN,2026-02-20 16:25:38
RVW-00018,CRS-0039,ACA-0004,LNR-202600143,3.6,อาจารย์สอนดี ตอบคำถามเร็ว,SYSTEM_ADMIN,2026-02-20 16:25:38,SYSTEM_ADMIN,2026-02-20 16:25:38
RVW-00019,CRS-0036,ACA-0005,LNR-202600039,3.5,เนื้อหาเหมาะกับผู้เริ่มต้น,SYSTEM_ADMIN,2026-02-20 16:25:38,SYSTEM_ADMIN,2026-02-20 16:25:38
RVW-00020,CRS-0009,ACA-0003,LNR-202600180,3.7,อาจารย์สอนดี ตอบคำถามเร็ว,SYSTEM_ADMIN,2026-02-20 16:25:38,SYSTEM_ADMIN,2026-02-20 16:25:38
RVW-00021,CRS-0046,ACA-0002,LNR-202600070,3.4,เนื้อหาเหมาะกับผู้เริ่มต้น,SYSTEM_ADMIN,2026-02-20 16:25:38,SYSTEM_ADMIN,2026-02-20 16:25:38
RVW-00022,CRS-0015,ACA-0004,LNR-202600200,5.0,เนื้อหาเหมาะกับผู้เริ่มต้น,SYSTEM_ADMIN,2026-02-20 16:25:38,SYSTEM_ADMIN,2026-02-20 16:25:38
RVW-00023,CRS-0024,ACA-0005,LNR-202600179,3.2,เนื้อหาเหมาะกับผู้เริ่มต้น,SYSTEM_ADMIN,2026-02-20 16:25:38,SYSTEM_ADMIN,2026-02-20 16:25:38
RVW-00024,CRS-0009,ACA-0001,LNR-202600014,3.8,ภาพรวมดีแต่อยากได้โปรเจกต์จริงเพิ่มเติม,SYSTEM_ADMIN,2026-02-20 16:25:38,SYSTEM_ADMIN,2026-02-20 16:25:38
RVW-00025,CRS-0008,ACA-0002,LNR-202600094,3.8,ภาพรวมดีแต่อยากได้โปรเจกต์จริงเพิ่มเติม,SYSTEM_ADMIN,2026-02-20 16:25:38,SYSTEM_ADMIN,2026-02-20 16:25:38
RVW-00026,CRS-0024,ACA-0002,LNR-202600020,4.8,คอร์สดีมาก เนื้อหาครบถ้วนเข้าใจง่าย,SYSTEM_ADMIN,2026-02-20 16:25:38,SYSTEM_ADMIN,2026-02-20 16:25:38
RVW-00027,CRS-0042,ACA-0002,LNR-202600069,3.0,ภาพรวมดีแต่อยากได้โปรเจกต์จริงเพิ่มเติม,SYSTEM_ADMIN,2026-02-20 16:25:38,SYSTEM_ADMIN,2026-02-20 16:25:38
RVW-00028,CRS-0023,ACA-0004,LNR-202600188,3.7,ภาพรวมดีแต่อยากได้โปรเจกต์จริงเพิ่มเติม,SYSTEM_ADMIN,2026-02-20 16:25:38,SYSTEM_ADMIN,2026-02-20 16:25:38
RVW-00029,CRS-0034,ACA-0004,LNR-202600117,4.2,ภาพรวมดีแต่อยากได้โปรเจกต์จริงเพิ่มเติม,SYSTEM_ADMIN,2026-02-20 16:25:38,SYSTEM_ADMIN,2026-02-20 16:25:38
RVW-00030,CRS-0044,ACA-0001,LNR-202600122,3.2,ภาพรวมดีแต่อยากได้โปรเจกต์จริงเพิ่มเติม,SYSTEM_ADMIN,2026-02-20 16:25:38,SYSTEM_ADMIN,2026-02-20 16:25:38
RVW-00031,CRS-0023,ACA-0003,LNR-202600048,3.9,เนื้อหาเหมาะกับผู้เริ่มต้น,SYSTEM_ADMIN,2026-02-20 16:25:38,SYSTEM_ADMIN,2026-02-20 16:25:38
RVW-00032,CRS-0040,ACA-0003,LNR-202600154,4.1,ภาพรวมดีแต่อยากได้โปรเจกต์จริงเพิ่มเติม,SYSTEM_ADMIN,2026-02-20 16:25:38,SYSTEM_ADMIN,2026-02-20 16:25:38
RVW-00033,CRS-0011,ACA-0004,LNR-202600049,3.5,อาจารย์สอนดี ตอบคำถามเร็ว,SYSTEM_ADMIN,2026-02-20 16:25:38,SYSTEM_ADMIN,2026-02-20 16:25:38
RVW-00034,CRS-0006,ACA-0005,LNR-202600183,4.4,คอร์สดีมาก เนื้อหาครบถ้วนเข้าใจง่าย,SYSTEM_ADMIN,2026-02-20 16:25:38,SYSTEM_ADMIN,2026-02-20 16:25:38
RVW-00035,CRS-0025,ACA-0005,LNR-202600058,4.5,เนื้อหาเหมาะกับผู้เริ่มต้น,SYSTEM_ADMIN,2026-02-20 16:25:38,SYSTEM_ADMIN,2026-02-20 16:25:38
RVW-00036,CRS-0046,ACA-0001,LNR-202600178,4.1,ภาพรวมดีแต่อยากได้โปรเจกต์จริงเพิ่มเติม,SYSTEM_ADMIN,2026-02-20 16:25:38,SYSTEM_ADMIN,2026-02-20 16:25:38
RVW-00037,CRS-0016,ACA-0004,LNR-202600095,3.4,อาจารย์สอนดี ตอบคำถามเร็ว,SYSTEM_ADMIN,2026-02-20 16:25:38,SYSTEM_ADMIN,2026-02-20 16:25:38
RVW-00038,CRS-0017,ACA-0001,LNR-202600105,3.5,อาจารย์สอนดี ตอบคำถามเร็ว,SYSTEM_ADMIN,2026-02-20 16:25:38,SYSTEM_ADMIN,2026-02-20 16:25:38
RVW-00039,CRS-0048,ACA-0005,LNR-202600087,4.4,เนื้อหาเหมาะกับผู้เริ่มต้น,SYSTEM_ADMIN,2026-02-20 16:25:38,SYSTEM_ADMIN,2026-02-20 16:25:38
RVW-00040,CRS-0016,ACA-0001,LNR-202600045,4.3,เนื้อหาเหมาะกับผู้เริ่มต้น,SYSTEM_ADMIN,2026-02-20 16:25:38,SYSTEM_ADMIN,2026-02-20 16:25:38
RVW-00041,CRS-0015,ACA-0004,LNR-202600160,3.6,คอร์สดีมาก เนื้อหาครบถ้วนเข้าใจง่าย,SYSTEM_ADMIN,2026-02-20 16:25:38,SYSTEM_ADMIN,2026-02-20 16:25:38
RVW-00042,CRS-0018,ACA-0003,LNR-202600096,4.8,คอร์สดีมาก เนื้อหาครบถ้วนเข้าใจง่าย,SYSTEM_ADMIN,2026-02-20 16:25:38,SYSTEM_ADMIN,2026-02-20 16:25:38
RVW-00043,CRS-0041,ACA-0002,LNR-202600189,3.6,ภาพรวมดีแต่อยากได้โปรเจกต์จริงเพิ่มเติม,SYSTEM_ADMIN,2026-02-20 16:25:38,SYSTEM_ADMIN,2026-02-20 16:25:38
RVW-00044,CRS-0047,ACA-0004,LNR-202600193,4.5,อาจารย์สอนดี ตอบคำถามเร็ว,SYSTEM_ADMIN,2026-02-20 16:25:38,SYSTEM_ADMIN,2026-02-20 16:25:38
RVW-00045,CRS-0016,ACA-0003,LNR-202600186,3.1,ภาพรวมดีแต่อยากได้โปรเจกต์จริงเพิ่มเติม,SYSTEM_ADMIN,2026-02-20 16:25:38,SYSTEM_ADMIN,2026-02-20 16:25:38
RVW-00046,CRS-0006,ACA-0004,LNR-202600199,4.4,ภาพรวมดีแต่อยากได้โปรเจกต์จริงเพิ่มเติม,SYSTEM_ADMIN,2026-02-20 16:25:38,SYSTEM_ADMIN,2026-02-20 16:25:38
RVW-00047,CRS-0017,ACA-0002,LNR-202600016,3.4,เนื้อหาเหมาะกับผู้เริ่มต้น,SYSTEM_ADMIN,2026-02-20 16:25:38,SYSTEM_ADMIN,2026-02-20 16:25:38
RVW-00048,CRS-0010,ACA-0002,LNR-202600170,4.6,คอร์สดีมาก เนื้อหาครบถ้วนเข้าใจง่าย,SYSTEM_ADMIN,2026-02-20 16:25:38,SYSTEM_ADMIN,2026-02-20 16:25:38
RVW-00049,CRS-0031,ACA-0003,LNR-202600046,4.2,อาจารย์สอนดี ตอบคำถามเร็ว,SYSTEM_ADMIN,2026-02-20 16:25:38,SYSTEM_ADMIN,2026-02-20 16:25:38
RVW-00050,CRS-0021,ACA-0001,LNR-202600049,4.9,คอร์สดีมาก เนื้อหาครบถ้วนเข้าใจง่าย,SYSTEM_ADMIN,2026-02-20 16:25:38,SYSTEM_ADMIN,2026-02-20 16:25:38
RVW-00051,CRS-0046,ACA-0003,LNR-202600062,4.5,อาจารย์สอนดี ตอบคำถามเร็ว,SYSTEM_ADMIN,2026-02-20 16:25:38,SYSTEM_ADMIN,2026-02-20 16:25:38
RVW-00052,CRS-0012,ACA-0005,LNR-202600082,3.8,เนื้อหาเหมาะกับผู้เริ่มต้น,SYSTEM_ADMIN,2026-02-20 16:25:38,SYSTEM_ADMIN,2026-02-20 16:25:38
RVW-00053,CRS-0041,ACA-0004,LNR-202600047,5.0,คอร์สดีมาก เนื้อหาครบถ้วนเข้าใจง่าย,SYSTEM_ADMIN,2026-02-20 16:25:38,SYSTEM_ADMIN,2026-02-20 16:25:38
RVW-00054,CRS-0003,ACA-0004,LNR-202600060,4.2,เนื้อหาเหมาะกับผู้เริ่มต้น,SYSTEM_ADMIN,2026-02-20 16:25:38,SYSTEM_ADMIN,2026-02-20 16:25:38
RVW-00055,CRS-0006,ACA-0005,LNR-202600096,4.5,อาจารย์สอนดี ตอบคำถามเร็ว,SYSTEM_ADMIN,2026-02-20 16:25:38,SYSTEM_ADMIN,2026-02-20 16:25:38
RVW-00056,CRS-0027,ACA-0005,LNR-202600024,3.6,ภาพรวมดีแต่อยากได้โปรเจกต์จริงเพิ่มเติม,SYSTEM_ADMIN,2026-02-20 16:25:38,SYSTEM_ADMIN,2026-02-20 16:25:38
RVW-00057,CRS-0038,ACA-0002,LNR-202600148,4.3,อาจารย์สอนดี ตอบคำถามเร็ว,SYSTEM_ADMIN,2026-02-20 16:25:38,SYSTEM_ADMIN,2026-02-20 16:25:38
RVW-00058,CRS-0042,ACA-0001,LNR-202600052,3.6,เนื้อหาเหมาะกับผู้เริ่มต้น,SYSTEM_ADMIN,2026-02-20 16:25:38,SYSTEM_ADMIN,2026-02-20 16:25:38
RVW-00059,CRS-0002,ACA-0004,LNR-202600015,3.1,ภาพรวมดีแต่อยากได้โปรเจกต์จริงเพิ่มเติม,SYSTEM_ADMIN,2026-02-20 16:25:38,SYSTEM_ADMIN,2026-02-20 16:25:38
RVW-00060,CRS-0027,ACA-0001,LNR-202600046,3.8,อาจารย์สอนดี ตอบคำถามเร็ว,SYSTEM_ADMIN,2026-02-20 16:25:38,SYSTEM_ADMIN,2026-02-20 16:25:38
RVW-00061,CRS-0013,ACA-0003,LNR-202600180,3.4,คอร์สดีมาก เนื้อหาครบถ้วนเข้าใจง่าย,SYSTEM_ADMIN,2026-02-20 16:25:38,SYSTEM_ADMIN,2026-02-20 16:25:38
RVW-00062,CRS-0018,ACA-0005,LNR-202600109,3.2,คอร์สดีมาก เนื้อหาครบถ้วนเข้าใจง่าย,SYSTEM_ADMIN,2026-02-20 16:25:38,SYSTEM_ADMIN,2026-02-20 16:25:38
RVW-00063,CRS-0010,ACA-0005,LNR-202600191,4.1,คอร์สดีมาก เนื้อหาครบถ้วนเข้าใจง่าย,SYSTEM_ADMIN,2026-02-20 16:25:38,SYSTEM_ADMIN,2026-02-20 16:25:38
RVW-00064,CRS-0040,ACA-0005,LNR-202600170,4.4,อาจารย์สอนดี ตอบคำถามเร็ว,SYSTEM_ADMIN,2026-02-20 16:25:38,SYSTEM_ADMIN,2026-02-20 16:25:38
RVW-00065,CRS-0013,ACA-0005,LNR-202600198,4.5,คอร์สดีมาก เนื้อหาครบถ้วนเข้าใจง่าย,SYSTEM_ADMIN,2026-02-20 16:25:38,SYSTEM_ADMIN,2026-02-20 16:25:38
RVW-00066,CRS-0021,ACA-0002,LNR-202600102,4.7,อาจารย์สอนดี ตอบคำถามเร็ว,SYSTEM_ADMIN,2026-02-20 16:25:38,SYSTEM_ADMIN,2026-02-20 16:25:38
RVW-00067,CRS-0047,ACA-0003,LNR-202600147,3.1,คอร์สดีมาก เนื้อหาครบถ้วนเข้าใจง่าย,SYSTEM_ADMIN,2026-02-20 16:25:38,SYSTEM_ADMIN,2026-02-20 16:25:38
RVW-00068,CRS-0003,ACA-0002,LNR-202600035,4.4,อาจารย์สอนดี ตอบคำถามเร็ว,SYSTEM_ADMIN,2026-02-20 16:25:38,SYSTEM_ADMIN,2026-02-20 16:25:38
RVW-00069,CRS-0013,ACA-0005,LNR-202600036,4.6,คอร์สดีมาก เนื้อหาครบถ้วนเข้าใจง่าย,SYSTEM_ADMIN,2026-02-20 16:25:38,SYSTEM_ADMIN,2026-02-20 16:25:38
RVW-00070,CRS-0040,ACA-0003,LNR-202600166,3.8,เนื้อหาเหมาะกับผู้เริ่มต้น,SYSTEM_ADMIN,2026-02-20 16:25:38,SYSTEM_ADMIN,2026-02-20 16:25:38
RVW-00071,CRS-0030,ACA-0003,LNR-202600002,4.7,อาจารย์สอนดี ตอบคำถามเร็ว,SYSTEM_ADMIN,2026-02-20 16:25:38,SYSTEM_ADMIN,2026-02-20 16:25:38
RVW-00072,CRS-0032,ACA-0001,LNR-202600066,3.3,อาจารย์สอนดี ตอบคำถามเร็ว,SYSTEM_ADMIN,2026-02-20 16:25:38,SYSTEM_ADMIN,2026-02-20 16:25:38
RVW-00073,CRS-0034,ACA-0005,LNR-202600144,3.5,ภาพรวมดีแต่อยากได้โปรเจกต์จริงเพิ่มเติม,SYSTEM_ADMIN,2026-02-20 16:25:38,SYSTEM_ADMIN,2026-02-20 16:25:38
RVW-00074,CRS-0028,ACA-0003,LNR-202600196,3.2,อาจารย์สอนดี ตอบคำถามเร็ว,SYSTEM_ADMIN,2026-02-20 16:25:38,SYSTEM_ADMIN,2026-02-20 16:25:38
RVW-00075,CRS-0041,ACA-0001,LNR-202600171,4.0,เนื้อหาเหมาะกับผู้เริ่มต้น,SYSTEM_ADMIN,2026-02-20 16:25:38,SYSTEM_ADMIN,2026-02-20 16:25:38
RVW-00076,CRS-0006,ACA-0002,LNR-202600191,4.8,อาจารย์สอนดี ตอบคำถามเร็ว,SYSTEM_ADMIN,2026-02-20 16:25:38,SYSTEM_ADMIN,2026-02-20 16:25:38
RVW-00077,CRS-0025,ACA-0005,LNR-202600160,3.3,ภาพรวมดีแต่อยากได้โปรเจกต์จริงเพิ่มเติม,SYSTEM_ADMIN,2026-02-20 16:25:38,SYSTEM_ADMIN,2026-02-20 16:25:38
RVW-00078,CRS-0032,ACA-0001,LNR-202600145,3.0,เนื้อหาเหมาะกับผู้เริ่มต้น,SYSTEM_ADMIN,2026-02-20 16:25:38,SYSTEM_ADMIN,2026-02-20 16:25:38
RVW-00079,CRS-0002,ACA-0002,LNR-202600026,4.6,อาจารย์สอนดี ตอบคำถามเร็ว,SYSTEM_ADMIN,2026-02-20 16:25:38,SYSTEM_ADMIN,2026-02-20 16:25:38
RVW-00080,CRS-0026,ACA-0001,LNR-202600035,4.8,ภาพรวมดีแต่อยากได้โปรเจกต์จริงเพิ่มเติม,SYSTEM_ADMIN,2026-02-20 16:25:38,SYSTEM_ADMIN,2026-02-20 16:25:38
RVW-00081,CRS-0011,ACA-0005,LNR-202600188,4.5,เนื้อหาเหมาะกับผู้เริ่มต้น,SYSTEM_ADMIN,2026-02-20 16:25:38,SYSTEM_ADMIN,2026-02-20 16:25:38
RVW-00082,CRS-0050,ACA-0002,LNR-202600107,3.7,คอร์สดีมาก เนื้อหาครบถ้วนเข้าใจง่าย,SYSTEM_ADMIN,2026-02-20 16:25:38,SYSTEM_ADMIN,2026-02-20 16:25:38
RVW-00083,CRS-0016,ACA-0003,LNR-202600139,4.7,ภาพรวมดีแต่อยากได้โปรเจกต์จริงเพิ่มเติม,SYSTEM_ADMIN,2026-02-20 16:25:38,SYSTEM_ADMIN,2026-02-20 16:25:38
RVW-00084,CRS-0050,ACA-0001,LNR-202600008,3.6,คอร์สดีมาก เนื้อหาครบถ้วนเข้าใจง่าย,SYSTEM_ADMIN,2026-02-20 16:25:38,SYSTEM_ADMIN,2026-02-20 16:25:38
RVW-00085,CRS-0023,ACA-0005,LNR-202600034,4.0,ภาพรวมดีแต่อยากได้โปรเจกต์จริงเพิ่มเติม,SYSTEM_ADMIN,2026-02-20 16:25:38,SYSTEM_ADMIN,2026-02-20 16:25:38
RVW-00086,CRS-0035,ACA-0001,LNR-202600103,4.9,คอร์สดีมาก เนื้อหาครบถ้วนเข้าใจง่าย,SYSTEM_ADMIN,2026-02-20 16:25:38,SYSTEM_ADMIN,2026-02-20 16:25:38
RVW-00087,CRS-0031,ACA-0001,LNR-202600131,3.4,คอร์สดีมาก เนื้อหาครบถ้วนเข้าใจง่าย,SYSTEM_ADMIN,2026-02-20 16:25:38,SYSTEM_ADMIN,2026-02-20 16:25:38
RVW-00088,CRS-0004,ACA-0002,LNR-202600104,3.2,อาจารย์สอนดี ตอบคำถามเร็ว,SYSTEM_ADMIN,2026-02-20 16:25:38,SYSTEM_ADMIN,2026-02-20 16:25:38
RVW-00089,CRS-0040,ACA-0001,LNR-202600036,3.8,ภาพรวมดีแต่อยากได้โปรเจกต์จริงเพิ่มเติม,SYSTEM_ADMIN,2026-02-20 16:25:38,SYSTEM_ADMIN,2026-02-20 16:25:38
RVW-00090,CRS-0016,ACA-0002,LNR-202600111,3.6,เนื้อหาเหมาะกับผู้เริ่มต้น,SYSTEM_ADMIN,2026-02-20 16:25:38,SYSTEM_ADMIN,2026-02-20 16:25:38
RVW-00091,CRS-0008,ACA-0005,LNR-202600094,3.1,เนื้อหาเหมาะกับผู้เริ่มต้น,SYSTEM_ADMIN,2026-02-20 16:25:38,SYSTEM_ADMIN,2026-02-20 16:25:38
RVW-00092,CRS-0016,ACA-0005,LNR-202600019,3.4,ภาพรวมดีแต่อยากได้โปรเจกต์จริงเพิ่มเติม,SYSTEM_ADMIN,2026-02-20 16:25:38,SYSTEM_ADMIN,2026-02-20 16:25:38
RVW-00093,CRS-0035,ACA-0004,LNR-202600076,4.3,ภาพรวมดีแต่อยากได้โปรเจกต์จริงเพิ่มเติม,SYSTEM_ADMIN,2026-02-20 16:25:38,SYSTEM_ADMIN,2026-02-20 16:25:38
RVW-00094,CRS-0001,ACA-0004,LNR-202600044,3.4,อาจารย์สอนดี ตอบคำถามเร็ว,SYSTEM_ADMIN,2026-02-20 16:25:38,SYSTEM_ADMIN,2026-02-20 16:25:38
RVW-00095,CRS-0039,ACA-0003,LNR-202600117,3.6,คอร์สดีมาก เนื้อหาครบถ้วนเข้าใจง่าย,SYSTEM_ADMIN,2026-02-20 16:25:38,SYSTEM_ADMIN,2026-02-20 16:25:38
RVW-00096,CRS-0041,ACA-0002,LNR-202600008,3.6,อาจารย์สอนดี ตอบคำถามเร็ว,SYSTEM_ADMIN,2026-02-20 16:25:38,SYSTEM_ADMIN,2026-02-20 16:25:38
RVW-00097,CRS-0028,ACA-0003,LNR-202600095,3.1,อาจารย์สอนดี ตอบคำถามเร็ว,SYSTEM_ADMIN,2026-02-20 16:25:38,SYSTEM_ADMIN,2026-02-20 16:25:38
RVW-00098,CRS-0016,ACA-0001,LNR-202600006,3.2,คอร์สดีมาก เนื้อหาครบถ้วนเข้าใจง่าย,SYSTEM_ADMIN,2026-02-20 16:25:38,SYSTEM_ADMIN,2026-02-20 16:25:38
RVW-00099,CRS-0026,ACA-0004,LNR-202600115,3.7,ภาพรวมดีแต่อยากได้โปรเจกต์จริงเพิ่มเติม,SYSTEM_ADMIN,2026-02-20 16:25:38,SYSTEM_ADMIN,2026-02-20 16:25:38
RVW-00100,CRS-0012,ACA-0005,LNR-202600171,3.5,เนื้อหาเหมาะกับผู้เริ่มต้น,SYSTEM_ADMIN,2026-02-20 16:25:38,SYSTEM_ADMIN,2026-02-20 16:25:38
RVW-00101,CRS-0003,ACA-0003,LNR-202600152,3.8,ภาพรวมดีแต่อยากได้โปรเจกต์จริงเพิ่มเติม,SYSTEM_ADMIN,2026-02-20 16:25:38,SYSTEM_ADMIN,2026-02-20 16:25:38
RVW-00102,CRS-0003,ACA-0005,LNR-202600001,3.4,เนื้อหาเหมาะกับผู้เริ่มต้น,SYSTEM_ADMIN,2026-02-20 16:25:38,SYSTEM_ADMIN,2026-02-20 16:25:38
RVW-00103,CRS-0048,ACA-0001,LNR-202600198,4.9,ภาพรวมดีแต่อยากได้โปรเจกต์จริงเพิ่มเติม,SYSTEM_ADMIN,2026-02-20 16:25:38,SYSTEM_ADMIN,2026-02-20 16:25:38
RVW-00104,CRS-0015,ACA-0003,LNR-202600080,4.0,ภาพรวมดีแต่อยากได้โปรเจกต์จริงเพิ่มเติม,SYSTEM_ADMIN,2026-02-20 16:25:38,SYSTEM_ADMIN,2026-02-20 16:25:38
RVW-00105,CRS-0045,ACA-0005,LNR-202600145,3.3,เนื้อหาเหมาะกับผู้เริ่มต้น,SYSTEM_ADMIN,2026-02-20 16:25:38,SYSTEM_ADMIN,2026-02-20 16:25:38
RVW-00106,CRS-0001,ACA-0001,LNR-202600170,4.9,ภาพรวมดีแต่อยากได้โปรเจกต์จริงเพิ่มเติม,SYSTEM_ADMIN,2026-02-20 16:25:38,SYSTEM_ADMIN,2026-02-20 16:25:38
RVW-00107,CRS-0040,ACA-0004,LNR-202600050,4.8,เนื้อหาเหมาะกับผู้เริ่มต้น,SYSTEM_ADMIN,2026-02-20 16:25:38,SYSTEM_ADMIN,2026-02-20 16:25:38
RVW-00108,CRS-0010,ACA-0003,LNR-202600164,3.4,อาจารย์สอนดี ตอบคำถามเร็ว,SYSTEM_ADMIN,2026-02-20 16:25:38,SYSTEM_ADMIN,2026-02-20 16:25:38
RVW-00109,CRS-0004,ACA-0005,LNR-202600115,3.5,ภาพรวมดีแต่อยากได้โปรเจกต์จริงเพิ่มเติม,SYSTEM_ADMIN,2026-02-20 16:25:38,SYSTEM_ADMIN,2026-02-20 16:25:38
RVW-00110,CRS-0034,ACA-0004,LNR-202600193,4.0,เนื้อหาเหมาะกับผู้เริ่มต้น,SYSTEM_ADMIN,2026-02-20 16:25:38,SYSTEM_ADMIN,2026-02-20 16:25:38
RVW-00111,CRS-0005,ACA-0001,LNR-202600040,4.8,ภาพรวมดีแต่อยากได้โปรเจกต์จริงเพิ่มเติม,SYSTEM_ADMIN,2026-02-20 16:25:38,SYSTEM_ADMIN,2026-02-20 16:25:38
RVW-00112,CRS-0017,ACA-0004,LNR-202600082,3.9,เนื้อหาเหมาะกับผู้เริ่มต้น,SYSTEM_ADMIN,2026-02-20 16:25:38,SYSTEM_ADMIN,2026-02-20 16:25:38
RVW-00113,CRS-0034,ACA-0003,LNR-202600016,4.8,อาจารย์สอนดี ตอบคำถามเร็ว,SYSTEM_ADMIN,2026-02-20 16:25:38,SYSTEM_ADMIN,2026-02-20 16:25:38
RVW-00114,CRS-0029,ACA-0001,LNR-202600115,3.2,เนื้อหาเหมาะกับผู้เริ่มต้น,SYSTEM_ADMIN,2026-02-20 16:25:38,SYSTEM_ADMIN,2026-02-20 16:25:38
RVW-00115,CRS-0050,ACA-0001,LNR-202600150,4.1,ภาพรวมดีแต่อยากได้โปรเจกต์จริงเพิ่มเติม,SYSTEM_ADMIN,2026-02-20 16:25:38,SYSTEM_ADMIN,2026-02-20 16:25:38
RVW-00116,CRS-0049,ACA-0005,LNR-202600139,3.5,คอร์สดีมาก เนื้อหาครบถ้วนเข้าใจง่าย,SYSTEM_ADMIN,2026-02-20 16:25:38,SYSTEM_ADMIN,2026-02-20 16:25:38
RVW-00117,CRS-0020,ACA-0002,LNR-202600168,4.7,ภาพรวมดีแต่อยากได้โปรเจกต์จริงเพิ่มเติม,SYSTEM_ADMIN,2026-02-20 16:25:38,SYSTEM_ADMIN,2026-02-20 16:25:38
RVW-00118,CRS-0046,ACA-0003,LNR-202600200,4.0,คอร์สดีมาก เนื้อหาครบถ้วนเข้าใจง่าย,SYSTEM_ADMIN,2026-02-20 16:25:38,SYSTEM_ADMIN,2026-02-20 16:25:38
RVW-00119,CRS-0014,ACA-0002,LNR-202600012,3.7,ภาพรวมดีแต่อยากได้โปรเจกต์จริงเพิ่มเติม,SYSTEM_ADMIN,2026-02-20 16:25:38,SYSTEM_ADMIN,2026-02-20 16:25:38
RVW-00120,CRS-0029,ACA-0003,LNR-202600050,4.4,คอร์สดีมาก เนื้อหาครบถ้วนเข้าใจง่าย,SYSTEM_ADMIN,2026-02-20 16:25:38,SYSTEM_ADMIN,2026-02-20 16:25:38
RVW-00121,CRS-0015,ACA-0002,LNR-202600175,4.2,ภาพรวมดีแต่อยากได้โปรเจกต์จริงเพิ่มเติม,SYSTEM_ADMIN,2026-02-20 16:25:38,SYSTEM_ADMIN,2026-02-20 16:25:38
RVW-00122,CRS-0002,ACA-0002,LNR-202600123,4.7,อาจารย์สอนดี ตอบคำถามเร็ว,SYSTEM_ADMIN,2026-02-20 16:25:38,SYSTEM_ADMIN,2026-02-20 16:25:38
RVW-00123,CRS-0037,ACA-0003,LNR-202600078,3.6,เนื้อหาเหมาะกับผู้เริ่มต้น,SYSTEM_ADMIN,2026-02-20 16:25:38,SYSTEM_ADMIN,2026-02-20 16:25:38
RVW-00124,CRS-0037,ACA-0002,LNR-202600068,3.5,คอร์สดีมาก เนื้อหาครบถ้วนเข้าใจง่าย,SYSTEM_ADMIN,2026-02-20 16:25:38,SYSTEM_ADMIN,2026-02-20 16:25:38
RVW-00125,CRS-0046,ACA-0002,LNR-202600127,3.3,คอร์สดีมาก เนื้อหาครบถ้วนเข้าใจง่าย,SYSTEM_ADMIN,2026-02-20 16:25:38,SYSTEM_ADMIN,2026-02-20 16:25:38
RVW-00126,CRS-0048,ACA-0004,LNR-202600141,3.3,ภาพรวมดีแต่อยากได้โปรเจกต์จริงเพิ่มเติม,SYSTEM_ADMIN,2026-02-20 16:25:38,SYSTEM_ADMIN,2026-02-20 16:25:38
RVW-00127,CRS-0045,ACA-0002,LNR-202600182,4.6,ภาพรวมดีแต่อยากได้โปรเจกต์จริงเพิ่มเติม,SYSTEM_ADMIN,2026-02-20 16:25:38,SYSTEM_ADMIN,2026-02-20 16:25:38
RVW-00128,CRS-0038,ACA-0004,LNR-202600081,4.6,อาจารย์สอนดี ตอบคำถามเร็ว,SYSTEM_ADMIN,2026-02-20 16:25:38,SYSTEM_ADMIN,2026-02-20 16:25:38
RVW-00129,CRS-0010,ACA-0005,LNR-202600099,4.8,คอร์สดีมาก เนื้อหาครบถ้วนเข้าใจง่าย,SYSTEM_ADMIN,2026-02-20 16:25:38,SYSTEM_ADMIN,2026-02-20 16:25:38
RVW-00130,CRS-0013,ACA-0002,LNR-202600184,3.4,คอร์สดีมาก เนื้อหาครบถ้วนเข้าใจง่าย,SYSTEM_ADMIN,2026-02-20 16:25:38,SYSTEM_ADMIN,2026-02-20 16:25:38
RVW-00131,CRS-0029,ACA-0004,LNR-202600051,4.4,อาจารย์สอนดี ตอบคำถามเร็ว,SYSTEM_ADMIN,2026-02-20 16:25:38,SYSTEM_ADMIN,2026-02-20 16:25:38
RVW-00132,CRS-0040,ACA-0004,LNR-202600092,4.9,ภาพรวมดีแต่อยากได้โปรเจกต์จริงเพิ่มเติม,SYSTEM_ADMIN,2026-02-20 16:25:38,SYSTEM_ADMIN,2026-02-20 16:25:38
RVW-00133,CRS-0033,ACA-0005,LNR-202600077,3.3,เนื้อหาเหมาะกับผู้เริ่มต้น,SYSTEM_ADMIN,2026-02-20 16:25:38,SYSTEM_ADMIN,2026-02-20 16:25:38
RVW-00134,CRS-0001,ACA-0003,LNR-202600055,4.2,เนื้อหาเหมาะกับผู้เริ่มต้น,SYSTEM_ADMIN,2026-02-20 16:25:38,SYSTEM_ADMIN,2026-02-20 16:25:38
RVW-00135,CRS-0024,ACA-0001,LNR-202600123,3.1,อาจารย์สอนดี ตอบคำถามเร็ว,SYSTEM_ADMIN,2026-02-20 16:25:38,SYSTEM_ADMIN,2026-02-20 16:25:38
RVW-00136,CRS-0016,ACA-0001,LNR-202600146,4.2,ภาพรวมดีแต่อยากได้โปรเจกต์จริงเพิ่มเติม,SYSTEM_ADMIN,2026-02-20 16:25:38,SYSTEM_ADMIN,2026-02-20 16:25:38
RVW-00137,CRS-0033,ACA-0005,LNR-202600097,3.9,คอร์สดีมาก เนื้อหาครบถ้วนเข้าใจง่าย,SYSTEM_ADMIN,2026-02-20 16:25:38,SYSTEM_ADMIN,2026-02-20 16:25:38
RVW-00138,CRS-0003,ACA-0005,LNR-202600047,3.1,คอร์สดีมาก เนื้อหาครบถ้วนเข้าใจง่าย,SYSTEM_ADMIN,2026-02-20 16:25:38,SYSTEM_ADMIN,2026-02-20 16:25:38
RVW-00139,CRS-0039,ACA-0004,LNR-202600146,4.3,เนื้อหาเหมาะกับผู้เริ่มต้น,SYSTEM_ADMIN,2026-02-20 16:25:38,SYSTEM_ADMIN,2026-02-20 16:25:38
RVW-00140,CRS-0047,ACA-0001,LNR-202600146,4.4,เนื้อหาเหมาะกับผู้เริ่มต้น,SYSTEM_ADMIN,2026-02-20 16:25:38,SYSTEM_ADMIN,2026-02-20 16:25:38
RVW-00141,CRS-0001,ACA-0001,LNR-202600107,4.0,อาจารย์สอนดี ตอบคำถามเร็ว,SYSTEM_ADMIN,2026-02-20 16:25:38,SYSTEM_ADMIN,2026-02-20 16:25:38
RVW-00142,CRS-0017,ACA-0005,LNR-202600190,3.4,อาจารย์สอนดี ตอบคำถามเร็ว,SYSTEM_ADMIN,2026-02-20 16:25:38,SYSTEM_ADMIN,2026-02-20 16:25:38
RVW-00143,CRS-0002,ACA-0004,LNR-202600156,3.9,ภาพรวมดีแต่อยากได้โปรเจกต์จริงเพิ่มเติม,SYSTEM_ADMIN,2026-02-20 16:25:38,SYSTEM_ADMIN,2026-02-20 16:25:38
RVW-00144,CRS-0024,ACA-0005,LNR-202600135,3.5,อาจารย์สอนดี ตอบคำถามเร็ว,SYSTEM_ADMIN,2026-02-20 16:25:38,SYSTEM_ADMIN,2026-02-20 16:25:38
RVW-00145,CRS-0015,ACA-0004,LNR-202600083,4.1,คอร์สดีมาก เนื้อหาครบถ้วนเข้าใจง่าย,SYSTEM_ADMIN,2026-02-20 16:25:38,SYSTEM_ADMIN,2026-02-20 16:25:38
RVW-00146,CRS-0015,ACA-0003,LNR-202600123,4.4,เนื้อหาเหมาะกับผู้เริ่มต้น,SYSTEM_ADMIN,2026-02-20 16:25:38,SYSTEM_ADMIN,2026-02-20 16:25:38
RVW-00147,CRS-0004,ACA-0002,LNR-202600079,3.2,เนื้อหาเหมาะกับผู้เริ่มต้น,SYSTEM_ADMIN,2026-02-20 16:25:38,SYSTEM_ADMIN,2026-02-20 16:25:38
RVW-00148,CRS-0021,ACA-0003,LNR-202600153,4.8,คอร์สดีมาก เนื้อหาครบถ้วนเข้าใจง่าย,SYSTEM_ADMIN,2026-02-20 16:25:38,SYSTEM_ADMIN,2026-02-20 16:25:38
RVW-00149,CRS-0004,ACA-0002,LNR-202600069,3.1,อาจารย์สอนดี ตอบคำถามเร็ว,SYSTEM_ADMIN,2026-02-20 16:25:38,SYSTEM_ADMIN,2026-02-20 16:25:38
RVW-00150,CRS-0022,ACA-0005,LNR-202600070,4.9,เนื้อหาเหมาะกับผู้เริ่มต้น,SYSTEM_ADMIN,2026-02-20 16:25:38,SYSTEM_ADMIN,2026-02-20 16:25:38
RVW-00151,CRS-0032,ACA-0004,LNR-202600050,4.1,เนื้อหาเหมาะกับผู้เริ่มต้น,SYSTEM_ADMIN,2026-02-20 16:25:38,SYSTEM_ADMIN,2026-02-20 16:25:38
RVW-00152,CRS-0009,ACA-0005,LNR-202600077,4.4,ภาพรวมดีแต่อยากได้โปรเจกต์จริงเพิ่มเติม,SYSTEM_ADMIN,2026-02-20 16:25:38,SYSTEM_ADMIN,2026-02-20 16:25:38
RVW-00153,CRS-0013,ACA-0005,LNR-202600069,4.7,อาจารย์สอนดี ตอบคำถามเร็ว,SYSTEM_ADMIN,2026-02-20 16:25:38,SYSTEM_ADMIN,2026-02-20 16:25:38
RVW-00154,CRS-0016,ACA-0002,LNR-202600078,4.1,ภาพรวมดีแต่อยากได้โปรเจกต์จริงเพิ่มเติม,SYSTEM_ADMIN,2026-02-20 16:25:38,SYSTEM_ADMIN,2026-02-20 16:25:38
RVW-00155,CRS-0047,ACA-0005,LNR-202600043,3.6,คอร์สดีมาก เนื้อหาครบถ้วนเข้าใจง่าย,SYSTEM_ADMIN,2026-02-20 16:25:38,SYSTEM_ADMIN,2026-02-20 16:25:38
RVW-00156,CRS-0008,ACA-0001,LNR-202600146,3.6,คอร์สดีมาก เนื้อหาครบถ้วนเข้าใจง่าย,SYSTEM_ADMIN,2026-02-20 16:25:38,SYSTEM_ADMIN,2026-02-20 16:25:38
RVW-00157,CRS-0049,ACA-0004,LNR-202600152,5.0,คอร์สดีมาก เนื้อหาครบถ้วนเข้าใจง่าย,SYSTEM_ADMIN,2026-02-20 16:25:38,SYSTEM_ADMIN,2026-02-20 16:25:38
RVW-00158,CRS-0010,ACA-0003,LNR-202600068,3.3,คอร์สดีมาก เนื้อหาครบถ้วนเข้าใจง่าย,SYSTEM_ADMIN,2026-02-20 16:25:38,SYSTEM_ADMIN,2026-02-20 16:25:38
RVW-00159,CRS-0040,ACA-0003,LNR-202600168,5.0,อาจารย์สอนดี ตอบคำถามเร็ว,SYSTEM_ADMIN,2026-02-20 16:25:38,SYSTEM_ADMIN,2026-02-20 16:25:38
RVW-00160,CRS-0033,ACA-0003,LNR-202600083,4.0,ภาพรวมดีแต่อยากได้โปรเจกต์จริงเพิ่มเติม,SYSTEM_ADMIN,2026-02-20 16:25:38,SYSTEM_ADMIN,2026-02-20 16:25:38
RVW-00161,CRS-0038,ACA-0005,LNR-202600003,4.0,ภาพรวมดีแต่อยากได้โปรเจกต์จริงเพิ่มเติม,SYSTEM_ADMIN,2026-02-20 16:25:38,SYSTEM_ADMIN,2026-02-20 16:25:38
RVW-00162,CRS-0005,ACA-0005,LNR-202600040,4.5,เนื้อหาเหมาะกับผู้เริ่มต้น,SYSTEM_ADMIN,2026-02-20 16:25:38,SYSTEM_ADMIN,2026-02-20 16:25:38
RVW-00163,CRS-0046,ACA-0005,LNR-202600097,3.8,อาจารย์สอนดี ตอบคำถามเร็ว,SYSTEM_ADMIN,2026-02-20 16:25:38,SYSTEM_ADMIN,2026-02-20 16:25:38
RVW-00164,CRS-0008,ACA-0003,LNR-202600123,3.5,ภาพรวมดีแต่อยากได้โปรเจกต์จริงเพิ่มเติม,SYSTEM_ADMIN,2026-02-20 16:25:38,SYSTEM_ADMIN,2026-02-20 16:25:38
RVW-00165,CRS-0041,ACA-0001,LNR-202600078,4.3,เนื้อหาเหมาะกับผู้เริ่มต้น,SYSTEM_ADMIN,2026-02-20 16:25:38,SYSTEM_ADMIN,2026-02-20 16:25:38
RVW-00166,CRS-0035,ACA-0004,LNR-202600158,3.6,อาจารย์สอนดี ตอบคำถามเร็ว,SYSTEM_ADMIN,2026-02-20 16:25:38,SYSTEM_ADMIN,2026-02-20 16:25:38
RVW-00167,CRS-0044,ACA-0005,LNR-202600149,3.3,เนื้อหาเหมาะกับผู้เริ่มต้น,SYSTEM_ADMIN,2026-02-20 16:25:38,SYSTEM_ADMIN,2026-02-20 16:25:38
RVW-00168,CRS-0049,ACA-0003,LNR-202600073,5.0,ภาพรวมดีแต่อยากได้โปรเจกต์จริงเพิ่มเติม,SYSTEM_ADMIN,2026-02-20 16:25:38,SYSTEM_ADMIN,2026-02-20 16:25:38
RVW-00169,CRS-0013,ACA-0002,LNR-202600182,4.4,ภาพรวมดีแต่อยากได้โปรเจกต์จริงเพิ่มเติม,SYSTEM_ADMIN,2026-02-20 16:25:38,SYSTEM_ADMIN,2026-02-20 16:25:38
RVW-00170,CRS-0026,ACA-0003,LNR-202600096,4.8,อาจารย์สอนดี ตอบคำถามเร็ว,SYSTEM_ADMIN,2026-02-20 16:25:38,SYSTEM_ADMIN,2026-02-20 16:25:38
RVW-00171,CRS-0011,ACA-0002,LNR-202600142,4.2,ภาพรวมดีแต่อยากได้โปรเจกต์จริงเพิ่มเติม,SYSTEM_ADMIN,2026-02-20 16:25:38,SYSTEM_ADMIN,2026-02-20 16:25:38
RVW-00172,CRS-0041,ACA-0004,LNR-202600172,3.2,คอร์สดีมาก เนื้อหาครบถ้วนเข้าใจง่าย,SYSTEM_ADMIN,2026-02-20 16:25:38,SYSTEM_ADMIN,2026-02-20 16:25:38
RVW-00173,CRS-0019,ACA-0004,LNR-202600134,4.6,คอร์สดีมาก เนื้อหาครบถ้วนเข้าใจง่าย,SYSTEM_ADMIN,2026-02-20 16:25:38,SYSTEM_ADMIN,2026-02-20 16:25:38
RVW-00174,CRS-0009,ACA-0004,LNR-202600184,3.1,คอร์สดีมาก เนื้อหาครบถ้วนเข้าใจง่าย,SYSTEM_ADMIN,2026-02-20 16:25:38,SYSTEM_ADMIN,2026-02-20 16:25:38
RVW-00175,CRS-0016,ACA-0005,LNR-202600082,4.0,ภาพรวมดีแต่อยากได้โปรเจกต์จริงเพิ่มเติม,SYSTEM_ADMIN,2026-02-20 16:25:38,SYSTEM_ADMIN,2026-02-20 16:25:38
RVW-00176,CRS-0005,ACA-0001,LNR-202600124,3.4,คอร์สดีมาก เนื้อหาครบถ้วนเข้าใจง่าย,SYSTEM_ADMIN,2026-02-20 16:25:38,SYSTEM_ADMIN,2026-02-20 16:25:38
RVW-00177,CRS-0035,ACA-0005,LNR-202600159,4.4,เนื้อหาเหมาะกับผู้เริ่มต้น,SYSTEM_ADMIN,2026-02-20 16:25:38,SYSTEM_ADMIN,2026-02-20 16:25:38
RVW-00178,CRS-0031,ACA-0003,LNR-202600172,3.2,เนื้อหาเหมาะกับผู้เริ่มต้น,SYSTEM_ADMIN,2026-02-20 16:25:38,SYSTEM_ADMIN,2026-02-20 16:25:38
RVW-00179,CRS-0026,ACA-0003,LNR-202600161,4.1,ภาพรวมดีแต่อยากได้โปรเจกต์จริงเพิ่มเติม,SYSTEM_ADMIN,2026-02-20 16:25:38,SYSTEM_ADMIN,2026-02-20 16:25:38
RVW-00180,CRS-0024,ACA-0001,LNR-202600174,3.0,คอร์สดีมาก เนื้อหาครบถ้วนเข้าใจง่าย,SYSTEM_ADMIN,2026-02-20 16:25:38,SYSTEM_ADMIN,2026-02-20 16:25:38
RVW-00181,CRS-0031,ACA-0002,LNR-202600175,3.2,อาจารย์สอนดี ตอบคำถามเร็ว,SYSTEM_ADMIN,2026-02-20 16:25:38,SYSTEM_ADMIN,2026-02-20 16:25:38
RVW-00182,CRS-0017,ACA-0001,LNR-202600164,4.6,อาจารย์สอนดี ตอบคำถามเร็ว,SYSTEM_ADMIN,2026-02-20 16:25:38,SYSTEM_ADMIN,2026-02-20 16:25:38
RVW-00183,CRS-0021,ACA-0003,LNR-202600152,3.4,เนื้อหาเหมาะกับผู้เริ่มต้น,SYSTEM_ADMIN,2026-02-20 16:25:38,SYSTEM_ADMIN,2026-02-20 16:25:38
RVW-00184,CRS-0030,ACA-0004,LNR-202600116,3.1,เนื้อหาเหมาะกับผู้เริ่มต้น,SYSTEM_ADMIN,2026-02-20 16:25:38,SYSTEM_ADMIN,2026-02-20 16:25:38
RVW-00185,CRS-0045,ACA-0005,LNR-202600077,4.1,อาจารย์สอนดี ตอบคำถามเร็ว,SYSTEM_ADMIN,2026-02-20 16:25:38,SYSTEM_ADMIN,2026-02-20 16:25:38
RVW-00186,CRS-0017,ACA-0002,LNR-202600111,4.2,อาจารย์สอนดี ตอบคำถามเร็ว,SYSTEM_ADMIN,2026-02-20 16:25:38,SYSTEM_ADMIN,2026-02-20 16:25:38
RVW-00187,CRS-0040,ACA-0001,LNR-202600144,4.0,เนื้อหาเหมาะกับผู้เริ่มต้น,SYSTEM_ADMIN,2026-02-20 16:25:38,SYSTEM_ADMIN,2026-02-20 16:25:38
RVW-00188,CRS-0003,ACA-0002,LNR-202600043,3.4,อาจารย์สอนดี ตอบคำถามเร็ว,SYSTEM_ADMIN,2026-02-20 16:25:38,SYSTEM_ADMIN,2026-02-20 16:25:38
RVW-00189,CRS-0040,ACA-0004,LNR-202600083,4.9,ภาพรวมดีแต่อยากได้โปรเจกต์จริงเพิ่มเติม,SYSTEM_ADMIN,2026-02-20 16:25:38,SYSTEM_ADMIN,2026-02-20 16:25:38
RVW-00190,CRS-0004,ACA-0002,LNR-202600116,3.7,อาจารย์สอนดี ตอบคำถามเร็ว,SYSTEM_ADMIN,2026-02-20 16:25:38,SYSTEM_ADMIN,2026-02-20 16:25:38
RVW-00191,CRS-0019,ACA-0005,LNR-202600002,4.5,ภาพรวมดีแต่อยากได้โปรเจกต์จริงเพิ่มเติม,SYSTEM_ADMIN,2026-02-20 16:25:38,SYSTEM_ADMIN,2026-02-20 16:25:38
RVW-00192,CRS-0003,ACA-0005,LNR-202600155,3.3,เนื้อหาเหมาะกับผู้เริ่มต้น,SYSTEM_ADMIN,2026-02-20 16:25:38,SYSTEM_ADMIN,2026-02-20 16:25:38
RVW-00193,CRS-0006,ACA-0001,LNR-202600025,3.2,เนื้อหาเหมาะกับผู้เริ่มต้น,SYSTEM_ADMIN,2026-02-20 16:25:38,SYSTEM_ADMIN,2026-02-20 16:25:38
RVW-00194,CRS-0048,ACA-0004,LNR-202600134,3.9,เนื้อหาเหมาะกับผู้เริ่มต้น,SYSTEM_ADMIN,2026-02-20 16:25:38,SYSTEM_ADMIN,2026-02-20 16:25:38
RVW-00195,CRS-0015,ACA-0002,LNR-202600065,3.7,ภาพรวมดีแต่อยากได้โปรเจกต์จริงเพิ่มเติม,SYSTEM_ADMIN,2026-02-20 16:25:38,SYSTEM_ADMIN,2026-02-20 16:25:38
RVW-00196,CRS-0029,ACA-0002,LNR-202600105,3.6,ภาพรวมดีแต่อยากได้โปรเจกต์จริงเพิ่มเติม,SYSTEM_ADMIN,2026-02-20 16:25:38,SYSTEM_ADMIN,2026-02-20 16:25:38
RVW-00197,CRS-0027,ACA-0002,LNR-202600191,4.0,ภาพรวมดีแต่อยากได้โปรเจกต์จริงเพิ่มเติม,SYSTEM_ADMIN,2026-02-20 16:25:38,SYSTEM_ADMIN,2026-02-20 16:25:38
RVW-00198,CRS-0031,ACA-0002,LNR-202600090,3.9,ภาพรวมดีแต่อยากได้โปรเจกต์จริงเพิ่มเติม,SYSTEM_ADMIN,2026-02-20 16:25:38,SYSTEM_ADMIN,2026-02-20 16:25:38
RVW-00199,CRS-0008,ACA-0003,LNR-202600103,4.0,ภาพรวมดีแต่อยากได้โปรเจกต์จริงเพิ่มเติม,SYSTEM_ADMIN,2026-02-20 16:25:38,SYSTEM_ADMIN,2026-02-20 16:25:38
RVW-00200,CRS-0014,ACA-0002,LNR-202600120,3.2,อาจารย์สอนดี ตอบคำถามเร็ว,SYSTEM_ADMIN,2026-02-20 16:25:38,SYSTEM_ADMIN,2026-02-20 16:25:38
RVW-00201,CRS-0035,ACA-0005,LNR-202600108,4.3,ภาพรวมดีแต่อยากได้โปรเจกต์จริงเพิ่มเติม,SYSTEM_ADMIN,2026-02-20 16:25:38,SYSTEM_ADMIN,2026-02-20 16:25:38
RVW-00202,CRS-0027,ACA-0004,LNR-202600063,4.4,อาจารย์สอนดี ตอบคำถามเร็ว,SYSTEM_ADMIN,2026-02-20 16:25:38,SYSTEM_ADMIN,2026-02-20 16:25:38
RVW-00203,CRS-0009,ACA-0005,LNR-202600127,4.4,อาจารย์สอนดี ตอบคำถามเร็ว,SYSTEM_ADMIN,2026-02-20 16:25:38,SYSTEM_ADMIN,2026-02-20 16:25:38
RVW-00204,CRS-0002,ACA-0004,LNR-202600069,4.3,อาจารย์สอนดี ตอบคำถามเร็ว,SYSTEM_ADMIN,2026-02-20 16:25:38,SYSTEM_ADMIN,2026-02-20 16:25:38
RVW-00205,CRS-0006,ACA-0002,LNR-202600145,3.5,คอร์สดีมาก เนื้อหาครบถ้วนเข้าใจง่าย,SYSTEM_ADMIN,2026-02-20 16:25:38,SYSTEM_ADMIN,2026-02-20 16:25:38
RVW-00206,CRS-0005,ACA-0005,LNR-202600090,4.3,อาจารย์สอนดี ตอบคำถามเร็ว,SYSTEM_ADMIN,2026-02-20 16:25:38,SYSTEM_ADMIN,2026-02-20 16:25:38
RVW-00207,CRS-0009,ACA-0003,LNR-202600048,3.8,เนื้อหาเหมาะกับผู้เริ่มต้น,SYSTEM_ADMIN,2026-02-20 16:25:38,SYSTEM_ADMIN,2026-02-20 16:25:38
RVW-00208,CRS-0002,ACA-0002,LNR-202600066,4.9,อาจารย์สอนดี ตอบคำถามเร็ว,SYSTEM_ADMIN,2026-02-20 16:25:38,SYSTEM_ADMIN,2026-02-20 16:25:38
RVW-00209,CRS-0039,ACA-0002,LNR-202600165,3.7,คอร์สดีมาก เนื้อหาครบถ้วนเข้าใจง่าย,SYSTEM_ADMIN,2026-02-20 16:25:38,SYSTEM_ADMIN,2026-02-20 16:25:38
RVW-00210,CRS-0021,ACA-0001,LNR-202600070,3.7,ภาพรวมดีแต่อยากได้โปรเจกต์จริงเพิ่มเติม,SYSTEM_ADMIN,2026-02-20 16:25:38,SYSTEM_ADMIN,2026-02-20 16:25:38
RVW-00211,CRS-0037,ACA-0002,LNR-202600148,4.5,ภาพรวมดีแต่อยากได้โปรเจกต์จริงเพิ่มเติม,SYSTEM_ADMIN,2026-02-20 16:25:38,SYSTEM_ADMIN,2026-02-20 16:25:38
RVW-00212,CRS-0004,ACA-0004,LNR-202600109,4.2,คอร์สดีมาก เนื้อหาครบถ้วนเข้าใจง่าย,SYSTEM_ADMIN,2026-02-20 16:25:38,SYSTEM_ADMIN,2026-02-20 16:25:38
RVW-00213,CRS-0006,ACA-0005,LNR-202600111,5.0,ภาพรวมดีแต่อยากได้โปรเจกต์จริงเพิ่มเติม,SYSTEM_ADMIN,2026-02-20 16:25:38,SYSTEM_ADMIN,2026-02-20 16:25:38
RVW-00214,CRS-0050,ACA-0004,LNR-202600053,3.6,ภาพรวมดีแต่อยากได้โปรเจกต์จริงเพิ่มเติม,SYSTEM_ADMIN,2026-02-20 16:25:38,SYSTEM_ADMIN,2026-02-20 16:25:38
RVW-00215,CRS-0017,ACA-0003,LNR-202600166,3.8,อาจารย์สอนดี ตอบคำถามเร็ว,SYSTEM_ADMIN,2026-02-20 16:25:38,SYSTEM_ADMIN,2026-02-20 16:25:38
RVW-00216,CRS-0011,ACA-0001,LNR-202600186,3.2,เนื้อหาเหมาะกับผู้เริ่มต้น,SYSTEM_ADMIN,2026-02-20 16:25:38,SYSTEM_ADMIN,2026-02-20 16:25:38
RVW-00217,CRS-0042,ACA-0004,LNR-202600132,5.0,เนื้อหาเหมาะกับผู้เริ่มต้น,SYSTEM_ADMIN,2026-02-20 16:25:38,SYSTEM_ADMIN,2026-02-20 16:25:38
RVW-00218,CRS-0013,ACA-0001,LNR-202600077,4.2,คอร์สดีมาก เนื้อหาครบถ้วนเข้าใจง่าย,SYSTEM_ADMIN,2026-02-20 16:25:38,SYSTEM_ADMIN,2026-02-20 16:25:38
RVW-00219,CRS-0005,ACA-0002,LNR-202600049,3.1,ภาพรวมดีแต่อยากได้โปรเจกต์จริงเพิ่มเติม,SYSTEM_ADMIN,2026-02-20 16:25:38,SYSTEM_ADMIN,2026-02-20 16:25:38
RVW-00220,CRS-0044,ACA-0003,LNR-202600045,3.2,คอร์สดีมาก เนื้อหาครบถ้วนเข้าใจง่าย,SYSTEM_ADMIN,2026-02-20 16:25:38,SYSTEM_ADMIN,2026-02-20 16:25:38
RVW-00221,CRS-0021,ACA-0005,LNR-202600142,3.7,อาจารย์สอนดี ตอบคำถามเร็ว,SYSTEM_ADMIN,2026-02-20 16:25:38,SYSTEM_ADMIN,2026-02-20 16:25:38
RVW-00222,CRS-0033,ACA-0004,LNR-202600146,4.5,คอร์สดีมาก เนื้อหาครบถ้วนเข้าใจง่าย,SYSTEM_ADMIN,2026-02-20 16:25:38,SYSTEM_ADMIN,2026-02-20 16:25:38
RVW-00223,CRS-0031,ACA-0001,LNR-202600004,4.6,ภาพรวมดีแต่อยากได้โปรเจกต์จริงเพิ่มเติม,SYSTEM_ADMIN,2026-02-20 16:25:38,SYSTEM_ADMIN,2026-02-20 16:25:38
RVW-00224,CRS-0050,ACA-0002,LNR-202600119,3.9,เนื้อหาเหมาะกับผู้เริ่มต้น,SYSTEM_ADMIN,2026-02-20 16:25:38,SYSTEM_ADMIN,2026-02-20 16:25:38
RVW-00225,CRS-0021,ACA-0003,LNR-202600019,3.3,คอร์สดีมาก เนื้อหาครบถ้วนเข้าใจง่าย,SYSTEM_ADMIN,2026-02-20 16:25:38,SYSTEM_ADMIN,2026-02-20 16:25:38
RVW-00226,CRS-0013,ACA-0004,LNR-202600101,3.5,คอร์สดีมาก เนื้อหาครบถ้วนเข้าใจง่าย,SYSTEM_ADMIN,2026-02-20 16:25:38,SYSTEM_ADMIN,2026-02-20 16:25:38
RVW-00227,CRS-0024,ACA-0004,LNR-202600087,3.5,คอร์สดีมาก เนื้อหาครบถ้วนเข้าใจง่าย,SYSTEM_ADMIN,2026-02-20 16:25:38,SYSTEM_ADMIN,2026-02-20 16:25:38
RVW-00228,CRS-0018,ACA-0003,LNR-202600129,4.9,เนื้อหาเหมาะกับผู้เริ่มต้น,SYSTEM_ADMIN,2026-02-20 16:25:38,SYSTEM_ADMIN,2026-02-20 16:25:38
RVW-00229,CRS-0033,ACA-0001,LNR-202600111,4.0,อาจารย์สอนดี ตอบคำถามเร็ว,SYSTEM_ADMIN,2026-02-20 16:25:38,SYSTEM_ADMIN,2026-02-20 16:25:38
RVW-00230,CRS-0018,ACA-0004,LNR-202600038,4.8,ภาพรวมดีแต่อยากได้โปรเจกต์จริงเพิ่มเติม,SYSTEM_ADMIN,2026-02-20 16:25:38,SYSTEM_ADMIN,2026-02-20 16:25:38
RVW-00231,CRS-0031,ACA-0005,LNR-202600021,3.9,เนื้อหาเหมาะกับผู้เริ่มต้น,SYSTEM_ADMIN,2026-02-20 16:25:38,SYSTEM_ADMIN,2026-02-20 16:25:38
RVW-00232,CRS-0029,ACA-0003,LNR-202600115,4.3,เนื้อหาเหมาะกับผู้เริ่มต้น,SYSTEM_ADMIN,2026-02-20 16:25:38,SYSTEM_ADMIN,2026-02-20 16:25:38
RVW-00233,CRS-0003,ACA-0005,LNR-202600149,3.5,อาจารย์สอนดี ตอบคำถามเร็ว,SYSTEM_ADMIN,2026-02-20 16:25:38,SYSTEM_ADMIN,2026-02-20 16:25:38
RVW-00234,CRS-0005,ACA-0004,LNR-202600016,3.4,เนื้อหาเหมาะกับผู้เริ่มต้น,SYSTEM_ADMIN,2026-02-20 16:25:38,SYSTEM_ADMIN,2026-02-20 16:25:38
RVW-00235,CRS-0013,ACA-0005,LNR-202600075,3.8,อาจารย์สอนดี ตอบคำถามเร็ว,SYSTEM_ADMIN,2026-02-20 16:25:38,SYSTEM_ADMIN,2026-02-20 16:25:38
RVW-00236,CRS-0009,ACA-0002,LNR-202600172,3.7,อาจารย์สอนดี ตอบคำถามเร็ว,SYSTEM_ADMIN,2026-02-20 16:25:38,SYSTEM_ADMIN,2026-02-20 16:25:38
RVW-00237,CRS-0016,ACA-0001,LNR-202600183,4.8,คอร์สดีมาก เนื้อหาครบถ้วนเข้าใจง่าย,SYSTEM_ADMIN,2026-02-20 16:25:38,SYSTEM_ADMIN,2026-02-20 16:25:38
RVW-00238,CRS-0028,ACA-0001,LNR-202600011,4.9,คอร์สดีมาก เนื้อหาครบถ้วนเข้าใจง่าย,SYSTEM_ADMIN,2026-02-20 16:25:38,SYSTEM_ADMIN,2026-02-20 16:25:38
RVW-00239,CRS-0042,ACA-0001,LNR-202600196,4.9,อาจารย์สอนดี ตอบคำถามเร็ว,SYSTEM_ADMIN,2026-02-20 16:25:38,SYSTEM_ADMIN,2026-02-20 16:25:38
RVW-00240,CRS-0040,ACA-0005,LNR-202600118,3.8,อาจารย์สอนดี ตอบคำถามเร็ว,SYSTEM_ADMIN,2026-02-20 16:25:38,SYSTEM_ADMIN,2026-02-20 16:25:38
RVW-00241,CRS-0023,ACA-0003,LNR-202600195,4.2,ภาพรวมดีแต่อยากได้โปรเจกต์จริงเพิ่มเติม,SYSTEM_ADMIN,2026-02-20 16:25:38,SYSTEM_ADMIN,2026-02-20 16:25:38
RVW-00242,CRS-0024,ACA-0001,LNR-202600177,4.4,ภาพรวมดีแต่อยากได้โปรเจกต์จริงเพิ่มเติม,SYSTEM_ADMIN,2026-02-20 16:25:38,SYSTEM_ADMIN,2026-02-20 16:25:38
RVW-00243,CRS-0015,ACA-0003,LNR-202600072,3.2,เนื้อหาเหมาะกับผู้เริ่มต้น,SYSTEM_ADMIN,2026-02-20 16:25:38,SYSTEM_ADMIN,2026-02-20 16:25:38
RVW-00244,CRS-0043,ACA-0003,LNR-202600047,3.2,คอร์สดีมาก เนื้อหาครบถ้วนเข้าใจง่าย,SYSTEM_ADMIN,2026-02-20 16:25:38,SYSTEM_ADMIN,2026-02-20 16:25:38
RVW-00245,CRS-0004,ACA-0004,LNR-202600033,4.8,คอร์สดีมาก เนื้อหาครบถ้วนเข้าใจง่าย,SYSTEM_ADMIN,2026-02-20 16:25:38,SYSTEM_ADMIN,2026-02-20 16:25:38
RVW-00246,CRS-0030,ACA-0005,LNR-202600114,4.9,ภาพรวมดีแต่อยากได้โปรเจกต์จริงเพิ่มเติม,SYSTEM_ADMIN,2026-02-20 16:25:38,SYSTEM_ADMIN,2026-02-20 16:25:38
RVW-00247,CRS-0010,ACA-0002,LNR-202600118,3.8,เนื้อหาเหมาะกับผู้เริ่มต้น,SYSTEM_ADMIN,2026-02-20 16:25:38,SYSTEM_ADMIN,2026-02-20 16:25:38
RVW-00248,CRS-0045,ACA-0005,LNR-202600053,4.3,อาจารย์สอนดี ตอบคำถามเร็ว,SYSTEM_ADMIN,2026-02-20 16:25:38,SYSTEM_ADMIN,2026-02-20 16:25:38
RVW-00249,CRS-0037,ACA-0003,LNR-202600004,4.1,ภาพรวมดีแต่อยากได้โปรเจกต์จริงเพิ่มเติม,SYSTEM_ADMIN,2026-02-20 16:25:38,SYSTEM_ADMIN,2026-02-20 16:25:38
RVW-00250,CRS-0035,ACA-0003,LNR-202600120,4.9,คอร์สดีมาก เนื้อหาครบถ้วนเข้าใจง่าย,SYSTEM_ADMIN,2026-02-20 16:25:38,SYSTEM_ADMIN,2026-02-20 16:25:38
RVW-00251,CRS-0028,ACA-0003,LNR-202600193,4.2,คอร์สดีมาก เนื้อหาครบถ้วนเข้าใจง่าย,SYSTEM_ADMIN,2026-02-20 16:25:38,SYSTEM_ADMIN,2026-02-20 16:25:38
RVW-00252,CRS-0028,ACA-0005,LNR-202600035,4.9,คอร์สดีมาก เนื้อหาครบถ้วนเข้าใจง่าย,SYSTEM_ADMIN,2026-02-20 16:25:38,SYSTEM_ADMIN,2026-02-20 16:25:38
RVW-00253,CRS-0026,ACA-0001,LNR-202600156,4.3,คอร์สดีมาก เนื้อหาครบถ้วนเข้าใจง่าย,SYSTEM_ADMIN,2026-02-20 16:25:38,SYSTEM_ADMIN,2026-02-20 16:25:38
RVW-00254,CRS-0023,ACA-0003,LNR-202600077,3.1,เนื้อหาเหมาะกับผู้เริ่มต้น,SYSTEM_ADMIN,2026-02-20 16:25:38,SYSTEM_ADMIN,2026-02-20 16:25:38
RVW-00255,CRS-0004,ACA-0004,LNR-202600191,5.0,อาจารย์สอนดี ตอบคำถามเร็ว,SYSTEM_ADMIN,2026-02-20 16:25:38,SYSTEM_ADMIN,2026-02-20 16:25:38
RVW-00256,CRS-0048,ACA-0005,LNR-202600160,3.4,อาจารย์สอนดี ตอบคำถามเร็ว,SYSTEM_ADMIN,2026-02-20 16:25:38,SYSTEM_ADMIN,2026-02-20 16:25:38
RVW-00257,CRS-0014,ACA-0003,LNR-202600050,3.4,ภาพรวมดีแต่อยากได้โปรเจกต์จริงเพิ่มเติม,SYSTEM_ADMIN,2026-02-20 16:25:38,SYSTEM_ADMIN,2026-02-20 16:25:38
RVW-00258,CRS-0009,ACA-0005,LNR-202600196,3.3,ภาพรวมดีแต่อยากได้โปรเจกต์จริงเพิ่มเติม,SYSTEM_ADMIN,2026-02-20 16:25:38,SYSTEM_ADMIN,2026-02-20 16:25:38
RVW-00259,CRS-0009,ACA-0005,LNR-202600076,3.8,คอร์สดีมาก เนื้อหาครบถ้วนเข้าใจง่าย,SYSTEM_ADMIN,2026-02-20 16:25:38,SYSTEM_ADMIN,2026-02-20 16:25:38
RVW-00260,CRS-0013,ACA-0005,LNR-202600027,4.1,อาจารย์สอนดี ตอบคำถามเร็ว,SYSTEM_ADMIN,2026-02-20 16:25:38,SYSTEM_ADMIN,2026-02-20 16:25:38
RVW-00261,CRS-0009,ACA-0003,LNR-202600125,3.5,เนื้อหาเหมาะกับผู้เริ่มต้น,SYSTEM_ADMIN,2026-02-20 16:25:38,SYSTEM_ADMIN,2026-02-20 16:25:38
RVW-00262,CRS-0031,ACA-0001,LNR-202600051,4.4,ภาพรวมดีแต่อยากได้โปรเจกต์จริงเพิ่มเติม,SYSTEM_ADMIN,2026-02-20 16:25:38,SYSTEM_ADMIN,2026-02-20 16:25:38
RVW-00263,CRS-0028,ACA-0003,LNR-202600167,4.5,เนื้อหาเหมาะกับผู้เริ่มต้น,SYSTEM_ADMIN,2026-02-20 16:25:38,SYSTEM_ADMIN,2026-02-20 16:25:38
RVW-00264,CRS-0020,ACA-0005,LNR-202600198,4.4,คอร์สดีมาก เนื้อหาครบถ้วนเข้าใจง่าย,SYSTEM_ADMIN,2026-02-20 16:25:38,SYSTEM_ADMIN,2026-02-20 16:25:38
RVW-00265,CRS-0030,ACA-0004,LNR-202600051,4.6,อาจารย์สอนดี ตอบคำถามเร็ว,SYSTEM_ADMIN,2026-02-20 16:25:38,SYSTEM_ADMIN,2026-02-20 16:25:38
RVW-00266,CRS-0035,ACA-0005,LNR-202600050,4.5,ภาพรวมดีแต่อยากได้โปรเจกต์จริงเพิ่มเติม,SYSTEM_ADMIN,2026-02-20 16:25:38,SYSTEM_ADMIN,2026-02-20 16:25:38
RVW-00267,CRS-0024,ACA-0001,LNR-202600072,5.0,เนื้อหาเหมาะกับผู้เริ่มต้น,SYSTEM_ADMIN,2026-02-20 16:25:38,SYSTEM_ADMIN,2026-02-20 16:25:38
RVW-00268,CRS-0032,ACA-0004,LNR-202600016,4.9,อาจารย์สอนดี ตอบคำถามเร็ว,SYSTEM_ADMIN,2026-02-20 16:25:38,SYSTEM_ADMIN,2026-02-20 16:25:38
RVW-00269,CRS-0042,ACA-0001,LNR-202600183,3.6,อาจารย์สอนดี ตอบคำถามเร็ว,SYSTEM_ADMIN,2026-02-20 16:25:38,SYSTEM_ADMIN,2026-02-20 16:25:38
RVW-00270,CRS-0043,ACA-0004,LNR-202600065,3.6,เนื้อหาเหมาะกับผู้เริ่มต้น,SYSTEM_ADMIN,2026-02-20 16:25:38,SYSTEM_ADMIN,2026-02-20 16:25:38
RVW-00271,CRS-0017,ACA-0005,LNR-202600137,3.8,เนื้อหาเหมาะกับผู้เริ่มต้น,SYSTEM_ADMIN,2026-02-20 16:25:38,SYSTEM_ADMIN,2026-02-20 16:25:38
RVW-00272,CRS-0028,ACA-0004,LNR-202600143,3.2,อาจารย์สอนดี ตอบคำถามเร็ว,SYSTEM_ADMIN,2026-02-20 16:25:38,SYSTEM_ADMIN,2026-02-20 16:25:38
RVW-00273,CRS-0024,ACA-0002,LNR-202600136,3.0,เนื้อหาเหมาะกับผู้เริ่มต้น,SYSTEM_ADMIN,2026-02-20 16:25:38,SYSTEM_ADMIN,2026-02-20 16:25:38
RVW-00274,CRS-0043,ACA-0004,LNR-202600040,3.2,ภาพรวมดีแต่อยากได้โปรเจกต์จริงเพิ่มเติม,SYSTEM_ADMIN,2026-02-20 16:25:38,SYSTEM_ADMIN,2026-02-20 16:25:38
RVW-00275,CRS-0012,ACA-0002,LNR-202600129,4.8,อาจารย์สอนดี ตอบคำถามเร็ว,SYSTEM_ADMIN,2026-02-20 16:25:38,SYSTEM_ADMIN,2026-02-20 16:25:38
RVW-00276,CRS-0012,ACA-0002,LNR-202600195,3.4,อาจารย์สอนดี ตอบคำถามเร็ว,SYSTEM_ADMIN,2026-02-20 16:25:38,SYSTEM_ADMIN,2026-02-20 16:25:38
RVW-00277,CRS-0041,ACA-0005,LNR-202600111,3.5,อาจารย์สอนดี ตอบคำถามเร็ว,SYSTEM_ADMIN,2026-02-20 16:25:38,SYSTEM_ADMIN,2026-02-20 16:25:38
RVW-00278,CRS-0001,ACA-0003,LNR-202600136,3.0,คอร์สดีมาก เนื้อหาครบถ้วนเข้าใจง่าย,SYSTEM_ADMIN,2026-02-20 16:25:38,SYSTEM_ADMIN,2026-02-20 16:25:38
RVW-00279,CRS-0012,ACA-0004,LNR-202600099,3.2,คอร์สดีมาก เนื้อหาครบถ้วนเข้าใจง่าย,SYSTEM_ADMIN,2026-02-20 16:25:38,SYSTEM_ADMIN,2026-02-20 16:25:38
RVW-00280,CRS-0027,ACA-0005,LNR-202600132,4.8,คอร์สดีมาก เนื้อหาครบถ้วนเข้าใจง่าย,SYSTEM_ADMIN,2026-02-20 16:25:38,SYSTEM_ADMIN,2026-02-20 16:25:38
RVW-00281,CRS-0021,ACA-0005,LNR-202600039,3.9,เนื้อหาเหมาะกับผู้เริ่มต้น,SYSTEM_ADMIN,2026-02-20 16:25:38,SYSTEM_ADMIN,2026-02-20 16:25:38
RVW-00282,CRS-0022,ACA-0001,LNR-202600067,3.7,ภาพรวมดีแต่อยากได้โปรเจกต์จริงเพิ่มเติม,SYSTEM_ADMIN,2026-02-20 16:25:38,SYSTEM_ADMIN,2026-02-20 16:25:38
RVW-00283,CRS-0014,ACA-0005,LNR-202600184,4.8,อาจารย์สอนดี ตอบคำถามเร็ว,SYSTEM_ADMIN,2026-02-20 16:25:38,SYSTEM_ADMIN,2026-02-20 16:25:38
RVW-00284,CRS-0015,ACA-0002,LNR-202600137,4.8,อาจารย์สอนดี ตอบคำถามเร็ว,SYSTEM_ADMIN,2026-02-20 16:25:38,SYSTEM_ADMIN,2026-02-20 16:25:38
RVW-00285,CRS-0027,ACA-0004,LNR-202600039,4.5,คอร์สดีมาก เนื้อหาครบถ้วนเข้าใจง่าย,SYSTEM_ADMIN,2026-02-20 16:25:38,SYSTEM_ADMIN,2026-02-20 16:25:38
RVW-00286,CRS-0037,ACA-0004,LNR-202600161,3.3,ภาพรวมดีแต่อยากได้โปรเจกต์จริงเพิ่มเติม,SYSTEM_ADMIN,2026-02-20 16:25:38,SYSTEM_ADMIN,2026-02-20 16:25:38
RVW-00287,CRS-0010,ACA-0002,LNR-202600126,3.6,อาจารย์สอนดี ตอบคำถามเร็ว,SYSTEM_ADMIN,2026-02-20 16:25:38,SYSTEM_ADMIN,2026-02-20 16:25:38
RVW-00288,CRS-0016,ACA-0001,LNR-202600200,4.5,อาจารย์สอนดี ตอบคำถามเร็ว,SYSTEM_ADMIN,2026-02-20 16:25:38,SYSTEM_ADMIN,2026-02-20 16:25:38
RVW-00289,CRS-0021,ACA-0003,LNR-202600174,4.8,ภาพรวมดีแต่อยากได้โปรเจกต์จริงเพิ่มเติม,SYSTEM_ADMIN,2026-02-20 16:25:38,SYSTEM_ADMIN,2026-02-20 16:25:38
RVW-00290,CRS-0004,ACA-0002,LNR-202600193,4.9,คอร์สดีมาก เนื้อหาครบถ้วนเข้าใจง่าย,SYSTEM_ADMIN,2026-02-20 16:25:38,SYSTEM_ADMIN,2026-02-20 16:25:38
RVW-00291,CRS-0014,ACA-0005,LNR-202600116,4.2,เนื้อหาเหมาะกับผู้เริ่มต้น,SYSTEM_ADMIN,2026-02-20 16:25:38,SYSTEM_ADMIN,2026-02-20 16:25:38
RVW-00292,CRS-0023,ACA-0001,LNR-202600024,4.3,ภาพรวมดีแต่อยากได้โปรเจกต์จริงเพิ่มเติม,SYSTEM_ADMIN,2026-02-20 16:25:38,SYSTEM_ADMIN,2026-02-20 16:25:38
RVW-00293,CRS-0002,ACA-0003,LNR-202600112,3.6,คอร์สดีมาก เนื้อหาครบถ้วนเข้าใจง่าย,SYSTEM_ADMIN,2026-02-20 16:25:38,SYSTEM_ADMIN,2026-02-20 16:25:38
RVW-00294,CRS-0046,ACA-0001,LNR-202600020,3.8,เนื้อหาเหมาะกับผู้เริ่มต้น,SYSTEM_ADMIN,2026-02-20 16:25:38,SYSTEM_ADMIN,2026-02-20 16:25:38
RVW-00295,CRS-0020,ACA-0002,LNR-202600083,4.3,อาจารย์สอนดี ตอบคำถามเร็ว,SYSTEM_ADMIN,2026-02-20 16:25:38,SYSTEM_ADMIN,2026-02-20 16:25:38
RVW-00296,CRS-0002,ACA-0003,LNR-202600071,4.9,อาจารย์สอนดี ตอบคำถามเร็ว,SYSTEM_ADMIN,2026-02-20 16:25:38,SYSTEM_ADMIN,2026-02-20 16:25:38
RVW-00297,CRS-0013,ACA-0002,LNR-202600164,4.5,เนื้อหาเหมาะกับผู้เริ่มต้น,SYSTEM_ADMIN,2026-02-20 16:25:38,SYSTEM_ADMIN,2026-02-20 16:25:38
RVW-00298,CRS-0002,ACA-0004,LNR-202600178,4.0,ภาพรวมดีแต่อยากได้โปรเจกต์จริงเพิ่มเติม,SYSTEM_ADMIN,2026-02-20 16:25:38,SYSTEM_ADMIN,2026-02-20 16:25:38
RVW-00299,CRS-0039,ACA-0003,LNR-202600177,4.7,ภาพรวมดีแต่อยากได้โปรเจกต์จริงเพิ่มเติม,SYSTEM_ADMIN,2026-02-20 16:25:38,SYSTEM_ADMIN,2026-02-20 16:25:38
RVW-00300,CRS-0028,ACA-0001,LNR-202600120,4.9,คอร์สดีมาก เนื้อหาครบถ้วนเข้าใจง่าย,SYSTEM_ADMIN,2026-02-20 16:25:38,SYSTEM_ADMIN,2026-02-20 16:25:38
RVW-00301,CRS-0013,ACA-0005,LNR-202600063,4.6,เนื้อหาเหมาะกับผู้เริ่มต้น,SYSTEM_ADMIN,2026-02-20 16:25:38,SYSTEM_ADMIN,2026-02-20 16:25:38
RVW-00302,CRS-0029,ACA-0001,LNR-202600091,4.1,ภาพรวมดีแต่อยากได้โปรเจกต์จริงเพิ่มเติม,SYSTEM_ADMIN,2026-02-20 16:25:38,SYSTEM_ADMIN,2026-02-20 16:25:38
RVW-00303,CRS-0043,ACA-0004,LNR-202600023,3.8,ภาพรวมดีแต่อยากได้โปรเจกต์จริงเพิ่มเติม,SYSTEM_ADMIN,2026-02-20 16:25:38,SYSTEM_ADMIN,2026-02-20 16:25:38
RVW-00304,CRS-0002,ACA-0003,LNR-202600045,4.5,ภาพรวมดีแต่อยากได้โปรเจกต์จริงเพิ่มเติม,SYSTEM_ADMIN,2026-02-20 16:25:38,SYSTEM_ADMIN,2026-02-20 16:25:38
RVW-00305,CRS-0048,ACA-0003,LNR-202600198,4.0,อาจารย์สอนดี ตอบคำถามเร็ว,SYSTEM_ADMIN,2026-02-20 16:25:38,SYSTEM_ADMIN,2026-02-20 16:25:38
RVW-00306,CRS-0016,ACA-0004,LNR-202600002,3.0,คอร์สดีมาก เนื้อหาครบถ้วนเข้าใจง่าย,SYSTEM_ADMIN,2026-02-20 16:25:38,SYSTEM_ADMIN,2026-02-20 16:25:38
RVW-00307,CRS-0036,ACA-0001,LNR-202600136,3.2,คอร์สดีมาก เนื้อหาครบถ้วนเข้าใจง่าย,SYSTEM_ADMIN,2026-02-20 16:25:38,SYSTEM_ADMIN,2026-02-20 16:25:38
RVW-00308,CRS-0021,ACA-0005,LNR-202600065,4.8,คอร์สดีมาก เนื้อหาครบถ้วนเข้าใจง่าย,SYSTEM_ADMIN,2026-02-20 16:25:38,SYSTEM_ADMIN,2026-02-20 16:25:38
RVW-00309,CRS-0004,ACA-0004,LNR-202600089,4.4,เนื้อหาเหมาะกับผู้เริ่มต้น,SYSTEM_ADMIN,2026-02-20 16:25:38,SYSTEM_ADMIN,2026-02-20 16:25:38
RVW-00310,CRS-0044,ACA-0001,LNR-202600016,3.1,คอร์สดีมาก เนื้อหาครบถ้วนเข้าใจง่าย,SYSTEM_ADMIN,2026-02-20 16:25:38,SYSTEM_ADMIN,2026-02-20 16:25:38
RVW-00311,CRS-0037,ACA-0005,LNR-202600026,3.6,คอร์สดีมาก เนื้อหาครบถ้วนเข้าใจง่าย,SYSTEM_ADMIN,2026-02-20 16:25:38,SYSTEM_ADMIN,2026-02-20 16:25:38
RVW-00312,CRS-0023,ACA-0003,LNR-202600192,4.0,อาจารย์สอนดี ตอบคำถามเร็ว,SYSTEM_ADMIN,2026-02-20 16:25:38,SYSTEM_ADMIN,2026-02-20 16:25:38
RVW-00313,CRS-0001,ACA-0002,LNR-202600088,3.1,ภาพรวมดีแต่อยากได้โปรเจกต์จริงเพิ่มเติม,SYSTEM_ADMIN,2026-02-20 16:25:38,SYSTEM_ADMIN,2026-02-20 16:25:38
RVW-00314,CRS-0032,ACA-0003,LNR-202600116,4.1,ภาพรวมดีแต่อยากได้โปรเจกต์จริงเพิ่มเติม,SYSTEM_ADMIN,2026-02-20 16:25:38,SYSTEM_ADMIN,2026-02-20 16:25:38
RVW-00315,CRS-0016,ACA-0002,LNR-202600126,3.6,เนื้อหาเหมาะกับผู้เริ่มต้น,SYSTEM_ADMIN,2026-02-20 16:25:38,SYSTEM_ADMIN,2026-02-20 16:25:38
RVW-00316,CRS-0036,ACA-0002,LNR-202600153,4.8,คอร์สดีมาก เนื้อหาครบถ้วนเข้าใจง่าย,SYSTEM_ADMIN,2026-02-20 16:25:38,SYSTEM_ADMIN,2026-02-20 16:25:38
RVW-00317,CRS-0045,ACA-0002,LNR-202600196,3.9,ภาพรวมดีแต่อยากได้โปรเจกต์จริงเพิ่มเติม,SYSTEM_ADMIN,2026-02-20 16:25:38,SYSTEM_ADMIN,2026-02-20 16:25:38
RVW-00318,CRS-0025,ACA-0004,LNR-202600159,3.6,เนื้อหาเหมาะกับผู้เริ่มต้น,SYSTEM_ADMIN,2026-02-20 16:25:38,SYSTEM_ADMIN,2026-02-20 16:25:38
RVW-00319,CRS-0026,ACA-0002,LNR-202600047,3.6,เนื้อหาเหมาะกับผู้เริ่มต้น,SYSTEM_ADMIN,2026-02-20 16:25:38,SYSTEM_ADMIN,2026-02-20 16:25:38
RVW-00320,CRS-0002,ACA-0004,LNR-202600070,5.0,อาจารย์สอนดี ตอบคำถามเร็ว,SYSTEM_ADMIN,2026-02-20 16:25:38,SYSTEM_ADMIN,2026-02-20 16:25:38
RVW-00321,CRS-0040,ACA-0002,LNR-202600063,4.4,ภาพรวมดีแต่อยากได้โปรเจกต์จริงเพิ่มเติม,SYSTEM_ADMIN,2026-02-20 16:25:38,SYSTEM_ADMIN,2026-02-20 16:25:38
RVW-00322,CRS-0035,ACA-0002,LNR-202600142,3.4,อาจารย์สอนดี ตอบคำถามเร็ว,SYSTEM_ADMIN,2026-02-20 16:25:38,SYSTEM_ADMIN,2026-02-20 16:25:38
RVW-00323,CRS-0011,ACA-0001,LNR-202600103,4.7,คอร์สดีมาก เนื้อหาครบถ้วนเข้าใจง่าย,SYSTEM_ADMIN,2026-02-20 16:25:38,SYSTEM_ADMIN,2026-02-20 16:25:38
RVW-00324,CRS-0007,ACA-0003,LNR-202600177,4.4,ภาพรวมดีแต่อยากได้โปรเจกต์จริงเพิ่มเติม,SYSTEM_ADMIN,2026-02-20 16:25:38,SYSTEM_ADMIN,2026-02-20 16:25:38
RVW-00325,CRS-0018,ACA-0003,LNR-202600178,3.9,เนื้อหาเหมาะกับผู้เริ่มต้น,SYSTEM_ADMIN,2026-02-20 16:25:38,SYSTEM_ADMIN,2026-02-20 16:25:38
RVW-00326,CRS-0029,ACA-0001,LNR-202600110,4.0,เนื้อหาเหมาะกับผู้เริ่มต้น,SYSTEM_ADMIN,2026-02-20 16:25:38,SYSTEM_ADMIN,2026-02-20 16:25:38
RVW-00327,CRS-0017,ACA-0002,LNR-202600052,3.5,อาจารย์สอนดี ตอบคำถามเร็ว,SYSTEM_ADMIN,2026-02-20 16:25:38,SYSTEM_ADMIN,2026-02-20 16:25:38
RVW-00328,CRS-0012,ACA-0001,LNR-202600108,3.4,คอร์สดีมาก เนื้อหาครบถ้วนเข้าใจง่าย,SYSTEM_ADMIN,2026-02-20 16:25:38,SYSTEM_ADMIN,2026-02-20 16:25:38
RVW-00329,CRS-0042,ACA-0002,LNR-202600058,3.4,เนื้อหาเหมาะกับผู้เริ่มต้น,SYSTEM_ADMIN,2026-02-20 16:25:38,SYSTEM_ADMIN,2026-02-20 16:25:38
RVW-00330,CRS-0009,ACA-0004,LNR-202600168,3.6,อาจารย์สอนดี ตอบคำถามเร็ว,SYSTEM_ADMIN,2026-02-20 16:25:38,SYSTEM_ADMIN,2026-02-20 16:25:38
RVW-00331,CRS-0016,ACA-0004,LNR-202600101,3.3,อาจารย์สอนดี ตอบคำถามเร็ว,SYSTEM_ADMIN,2026-02-20 16:25:38,SYSTEM_ADMIN,2026-02-20 16:25:38
RVW-00332,CRS-0025,ACA-0002,LNR-202600019,3.4,คอร์สดีมาก เนื้อหาครบถ้วนเข้าใจง่าย,SYSTEM_ADMIN,2026-02-20 16:25:38,SYSTEM_ADMIN,2026-02-20 16:25:38
RVW-00333,CRS-0004,ACA-0002,LNR-202600022,4.0,เนื้อหาเหมาะกับผู้เริ่มต้น,SYSTEM_ADMIN,2026-02-20 16:25:38,SYSTEM_ADMIN,2026-02-20 16:25:38
RVW-00334,CRS-0012,ACA-0003,LNR-202600067,3.8,คอร์สดีมาก เนื้อหาครบถ้วนเข้าใจง่าย,SYSTEM_ADMIN,2026-02-20 16:25:38,SYSTEM_ADMIN,2026-02-20 16:25:38
RVW-00335,CRS-0005,ACA-0004,LNR-202600080,4.1,คอร์สดีมาก เนื้อหาครบถ้วนเข้าใจง่าย,SYSTEM_ADMIN,2026-02-20 16:25:38,SYSTEM_ADMIN,2026-02-20 16:25:38
RVW-00336,CRS-0009,ACA-0005,LNR-202600161,4.4,อาจารย์สอนดี ตอบคำถามเร็ว,SYSTEM_ADMIN,2026-02-20 16:25:38,SYSTEM_ADMIN,2026-02-20 16:25:38
RVW-00337,CRS-0018,ACA-0003,LNR-202600134,4.3,อาจารย์สอนดี ตอบคำถามเร็ว,SYSTEM_ADMIN,2026-02-20 16:25:38,SYSTEM_ADMIN,2026-02-20 16:25:38
RVW-00338,CRS-0004,ACA-0003,LNR-202600058,4.7,อาจารย์สอนดี ตอบคำถามเร็ว,SYSTEM_ADMIN,2026-02-20 16:25:38,SYSTEM_ADMIN,2026-02-20 16:25:38
RVW-00339,CRS-0048,ACA-0005,LNR-202600172,3.4,เนื้อหาเหมาะกับผู้เริ่มต้น,SYSTEM_ADMIN,2026-02-20 16:25:38,SYSTEM_ADMIN,2026-02-20 16:25:38
RVW-00340,CRS-0017,ACA-0003,LNR-202600125,4.3,อาจารย์สอนดี ตอบคำถามเร็ว,SYSTEM_ADMIN,2026-02-20 16:25:38,SYSTEM_ADMIN,2026-02-20 16:25:38
RVW-00341,CRS-0029,ACA-0001,LNR-202600033,3.9,ภาพรวมดีแต่อยากได้โปรเจกต์จริงเพิ่มเติม,SYSTEM_ADMIN,2026-02-20 16:25:38,SYSTEM_ADMIN,2026-02-20 16:25:38
RVW-00342,CRS-0044,ACA-0001,LNR-202600143,5.0,คอร์สดีมาก เนื้อหาครบถ้วนเข้าใจง่าย,SYSTEM_ADMIN,2026-02-20 16:25:38,SYSTEM_ADMIN,2026-02-20 16:25:38
RVW-00343,CRS-0047,ACA-0004,LNR-202600100,3.7,เนื้อหาเหมาะกับผู้เริ่มต้น,SYSTEM_ADMIN,2026-02-20 16:25:38,SYSTEM_ADMIN,2026-02-20 16:25:38
RVW-00344,CRS-0025,ACA-0001,LNR-202600175,3.6,ภาพรวมดีแต่อยากได้โปรเจกต์จริงเพิ่มเติม,SYSTEM_ADMIN,2026-02-20 16:25:38,SYSTEM_ADMIN,2026-02-20 16:25:38
RVW-00345,CRS-0015,ACA-0005,LNR-202600102,4.6,อาจารย์สอนดี ตอบคำถามเร็ว,SYSTEM_ADMIN,2026-02-20 16:25:38,SYSTEM_ADMIN,2026-02-20 16:25:38
RVW-00346,CRS-0049,ACA-0004,LNR-202600049,4.0,คอร์สดีมาก เนื้อหาครบถ้วนเข้าใจง่าย,SYSTEM_ADMIN,2026-02-20 16:25:38,SYSTEM_ADMIN,2026-02-20 16:25:38
RVW-00347,CRS-0007,ACA-0004,LNR-202600093,3.6,เนื้อหาเหมาะกับผู้เริ่มต้น,SYSTEM_ADMIN,2026-02-20 16:25:38,SYSTEM_ADMIN,2026-02-20 16:25:38
RVW-00348,CRS-0036,ACA-0001,LNR-202600196,3.3,เนื้อหาเหมาะกับผู้เริ่มต้น,SYSTEM_ADMIN,2026-02-20 16:25:38,SYSTEM_ADMIN,2026-02-20 16:25:38
RVW-00349,CRS-0023,ACA-0001,LNR-202600074,3.0,อาจารย์สอนดี ตอบคำถามเร็ว,SYSTEM_ADMIN,2026-02-20 16:25:38,SYSTEM_ADMIN,2026-02-20 16:25:38
RVW-00350,CRS-0009,ACA-0004,LNR-202600182,3.7,อาจารย์สอนดี ตอบคำถามเร็ว,SYSTEM_ADMIN,2026-02-20 16:25:38,SYSTEM_ADMIN,2026-02-20 16:25:38
RVW-00351,CRS-0005,ACA-0005,LNR-202600122,4.3,อาจารย์สอนดี ตอบคำถามเร็ว,SYSTEM_ADMIN,2026-02-20 16:25:38,SYSTEM_ADMIN,2026-02-20 16:25:38
RVW-00352,CRS-0005,ACA-0002,LNR-202600165,3.6,ภาพรวมดีแต่อยากได้โปรเจกต์จริงเพิ่มเติม,SYSTEM_ADMIN,2026-02-20 16:25:38,SYSTEM_ADMIN,2026-02-20 16:25:38
RVW-00353,CRS-0025,ACA-0001,LNR-202600184,4.5,คอร์สดีมาก เนื้อหาครบถ้วนเข้าใจง่าย,SYSTEM_ADMIN,2026-02-20 16:25:38,SYSTEM_ADMIN,2026-02-20 16:25:38
RVW-00354,CRS-0020,ACA-0001,LNR-202600018,4.3,ภาพรวมดีแต่อยากได้โปรเจกต์จริงเพิ่มเติม,SYSTEM_ADMIN,2026-02-20 16:25:38,SYSTEM_ADMIN,2026-02-20 16:25:38
RVW-00355,CRS-0029,ACA-0002,LNR-202600170,4.2,เนื้อหาเหมาะกับผู้เริ่มต้น,SYSTEM_ADMIN,2026-02-20 16:25:38,SYSTEM_ADMIN,2026-02-20 16:25:38
RVW-00356,CRS-0049,ACA-0001,LNR-202600183,3.1,คอร์สดีมาก เนื้อหาครบถ้วนเข้าใจง่าย,SYSTEM_ADMIN,2026-02-20 16:25:38,SYSTEM_ADMIN,2026-02-20 16:25:38
RVW-00357,CRS-0018,ACA-0005,LNR-202600184,3.4,คอร์สดีมาก เนื้อหาครบถ้วนเข้าใจง่าย,SYSTEM_ADMIN,2026-02-20 16:25:38,SYSTEM_ADMIN,2026-02-20 16:25:38
RVW-00358,CRS-0003,ACA-0001,LNR-202600032,3.1,คอร์สดีมาก เนื้อหาครบถ้วนเข้าใจง่าย,SYSTEM_ADMIN,2026-02-20 16:25:38,SYSTEM_ADMIN,2026-02-20 16:25:38
RVW-00359,CRS-0011,ACA-0004,LNR-202600141,3.5,อาจารย์สอนดี ตอบคำถามเร็ว,SYSTEM_ADMIN,2026-02-20 16:25:38,SYSTEM_ADMIN,2026-02-20 16:25:38
RVW-00360,CRS-0026,ACA-0002,LNR-202600051,4.6,อาจารย์สอนดี ตอบคำถามเร็ว,SYSTEM_ADMIN,2026-02-20 16:25:38,SYSTEM_ADMIN,2026-02-20 16:25:38
RVW-00361,CRS-0034,ACA-0001,LNR-202600090,4.7,คอร์สดีมาก เนื้อหาครบถ้วนเข้าใจง่าย,SYSTEM_ADMIN,2026-02-20 16:25:38,SYSTEM_ADMIN,2026-02-20 16:25:38
RVW-00362,CRS-0046,ACA-0001,LNR-202600162,3.8,ภาพรวมดีแต่อยากได้โปรเจกต์จริงเพิ่มเติม,SYSTEM_ADMIN,2026-02-20 16:25:38,SYSTEM_ADMIN,2026-02-20 16:25:38
RVW-00363,CRS-0005,ACA-0003,LNR-202600114,4.0,เนื้อหาเหมาะกับผู้เริ่มต้น,SYSTEM_ADMIN,2026-02-20 16:25:38,SYSTEM_ADMIN,2026-02-20 16:25:38
RVW-00364,CRS-0021,ACA-0005,LNR-202600089,3.1,ภาพรวมดีแต่อยากได้โปรเจกต์จริงเพิ่มเติม,SYSTEM_ADMIN,2026-02-20 16:25:38,SYSTEM_ADMIN,2026-02-20 16:25:38
RVW-00365,CRS-0033,ACA-0002,LNR-202600074,3.6,คอร์สดีมาก เนื้อหาครบถ้วนเข้าใจง่าย,SYSTEM_ADMIN,2026-02-20 16:25:38,SYSTEM_ADMIN,2026-02-20 16:25:38
RVW-00366,CRS-0035,ACA-0002,LNR-202600075,4.9,ภาพรวมดีแต่อยากได้โปรเจกต์จริงเพิ่มเติม,SYSTEM_ADMIN,2026-02-20 16:25:38,SYSTEM_ADMIN,2026-02-20 16:25:38
RVW-00367,CRS-0030,ACA-0002,LNR-202600114,3.0,อาจารย์สอนดี ตอบคำถามเร็ว,SYSTEM_ADMIN,2026-02-20 16:25:38,SYSTEM_ADMIN,2026-02-20 16:25:38
RVW-00368,CRS-0033,ACA-0003,LNR-202600119,4.0,เนื้อหาเหมาะกับผู้เริ่มต้น,SYSTEM_ADMIN,2026-02-20 16:25:38,SYSTEM_ADMIN,2026-02-20 16:25:38
RVW-00369,CRS-0035,ACA-0004,LNR-202600063,3.0,ภาพรวมดีแต่อยากได้โปรเจกต์จริงเพิ่มเติม,SYSTEM_ADMIN,2026-02-20 16:25:38,SYSTEM_ADMIN,2026-02-20 16:25:38
RVW-00370,CRS-0042,ACA-0002,LNR-202600087,3.5,ภาพรวมดีแต่อยากได้โปรเจกต์จริงเพิ่มเติม,SYSTEM_ADMIN,2026-02-20 16:25:38,SYSTEM_ADMIN,2026-02-20 16:25:38
RVW-00371,CRS-0035,ACA-0002,LNR-202600108,3.7,คอร์สดีมาก เนื้อหาครบถ้วนเข้าใจง่าย,SYSTEM_ADMIN,2026-02-20 16:25:38,SYSTEM_ADMIN,2026-02-20 16:25:38
RVW-00372,CRS-0026,ACA-0001,LNR-202600189,5.0,เนื้อหาเหมาะกับผู้เริ่มต้น,SYSTEM_ADMIN,2026-02-20 16:25:38,SYSTEM_ADMIN,2026-02-20 16:25:38
RVW-00373,CRS-0032,ACA-0003,LNR-202600023,3.0,เนื้อหาเหมาะกับผู้เริ่มต้น,SYSTEM_ADMIN,2026-02-20 16:25:38,SYSTEM_ADMIN,2026-02-20 16:25:38
RVW-00374,CRS-0001,ACA-0003,LNR-202600117,4.5,เนื้อหาเหมาะกับผู้เริ่มต้น,SYSTEM_ADMIN,2026-02-20 16:25:38,SYSTEM_ADMIN,2026-02-20 16:25:38
RVW-00375,CRS-0008,ACA-0002,LNR-202600195,4.3,เนื้อหาเหมาะกับผู้เริ่มต้น,SYSTEM_ADMIN,2026-02-20 16:25:38,SYSTEM_ADMIN,2026-02-20 16:25:38
RVW-00376,CRS-0012,ACA-0002,LNR-202600056,4.4,อาจารย์สอนดี ตอบคำถามเร็ว,SYSTEM_ADMIN,2026-02-20 16:25:38,SYSTEM_ADMIN,2026-02-20 16:25:38
RVW-00377,CRS-0009,ACA-0001,LNR-202600110,3.6,ภาพรวมดีแต่อยากได้โปรเจกต์จริงเพิ่มเติม,SYSTEM_ADMIN,2026-02-20 16:25:38,SYSTEM_ADMIN,2026-02-20 16:25:38
RVW-00378,CRS-0014,ACA-0002,LNR-202600101,4.6,ภาพรวมดีแต่อยากได้โปรเจกต์จริงเพิ่มเติม,SYSTEM_ADMIN,2026-02-20 16:25:38,SYSTEM_ADMIN,2026-02-20 16:25:38
RVW-00379,CRS-0021,ACA-0005,LNR-202600155,3.6,คอร์สดีมาก เนื้อหาครบถ้วนเข้าใจง่าย,SYSTEM_ADMIN,2026-02-20 16:25:38,SYSTEM_ADMIN,2026-02-20 16:25:38
RVW-00380,CRS-0014,ACA-0003,LNR-202600130,4.9,เนื้อหาเหมาะกับผู้เริ่มต้น,SYSTEM_ADMIN,2026-02-20 16:25:38,SYSTEM_ADMIN,2026-02-20 16:25:38
RVW-00381,CRS-0035,ACA-0005,LNR-202600188,4.4,เนื้อหาเหมาะกับผู้เริ่มต้น,SYSTEM_ADMIN,2026-02-20 16:25:38,SYSTEM_ADMIN,2026-02-20 16:25:38
RVW-00382,CRS-0009,ACA-0004,LNR-202600052,3.9,คอร์สดีมาก เนื้อหาครบถ้วนเข้าใจง่าย,SYSTEM_ADMIN,2026-02-20 16:25:38,SYSTEM_ADMIN,2026-02-20 16:25:38
RVW-00383,CRS-0020,ACA-0001,LNR-202600009,3.3,เนื้อหาเหมาะกับผู้เริ่มต้น,SYSTEM_ADMIN,2026-02-20 16:25:38,SYSTEM_ADMIN,2026-02-20 16:25:38
RVW-00384,CRS-0020,ACA-0004,LNR-202600014,3.6,อาจารย์สอนดี ตอบคำถามเร็ว,SYSTEM_ADMIN,2026-02-20 16:25:38,SYSTEM_ADMIN,2026-02-20 16:25:38
RVW-00385,CRS-0016,ACA-0002,LNR-202600089,4.3,คอร์สดีมาก เนื้อหาครบถ้วนเข้าใจง่าย,SYSTEM_ADMIN,2026-02-20 16:25:38,SYSTEM_ADMIN,2026-02-20 16:25:38
RVW-00386,CRS-0046,ACA-0004,LNR-202600195,4.6,ภาพรวมดีแต่อยากได้โปรเจกต์จริงเพิ่มเติม,SYSTEM_ADMIN,2026-02-20 16:25:38,SYSTEM_ADMIN,2026-02-20 16:25:38
RVW-00387,CRS-0030,ACA-0005,LNR-202600181,3.1,เนื้อหาเหมาะกับผู้เริ่มต้น,SYSTEM_ADMIN,2026-02-20 16:25:38,SYSTEM_ADMIN,2026-02-20 16:25:38
RVW-00388,CRS-0027,ACA-0003,LNR-202600004,4.0,อาจารย์สอนดี ตอบคำถามเร็ว,SYSTEM_ADMIN,2026-02-20 16:25:38,SYSTEM_ADMIN,2026-02-20 16:25:38
RVW-00389,CRS-0010,ACA-0004,LNR-202600099,4.0,เนื้อหาเหมาะกับผู้เริ่มต้น,SYSTEM_ADMIN,2026-02-20 16:25:38,SYSTEM_ADMIN,2026-02-20 16:25:38
RVW-00390,CRS-0022,ACA-0002,LNR-202600013,3.9,คอร์สดีมาก เนื้อหาครบถ้วนเข้าใจง่าย,SYSTEM_ADMIN,2026-02-20 16:25:38,SYSTEM_ADMIN,2026-02-20 16:25:38
RVW-00391,CRS-0016,ACA-0003,LNR-202600081,3.6,เนื้อหาเหมาะกับผู้เริ่มต้น,SYSTEM_ADMIN,2026-02-20 16:25:38,SYSTEM_ADMIN,2026-02-20 16:25:38
RVW-00392,CRS-0043,ACA-0001,LNR-202600090,3.1,เนื้อหาเหมาะกับผู้เริ่มต้น,SYSTEM_ADMIN,2026-02-20 16:25:38,SYSTEM_ADMIN,2026-02-20 16:25:38
RVW-00393,CRS-0010,ACA-0001,LNR-202600189,3.8,ภาพรวมดีแต่อยากได้โปรเจกต์จริงเพิ่มเติม,SYSTEM_ADMIN,2026-02-20 16:25:38,SYSTEM_ADMIN,2026-02-20 16:25:38
RVW-00394,CRS-0035,ACA-0003,LNR-202600120,3.1,เนื้อหาเหมาะกับผู้เริ่มต้น,SYSTEM_ADMIN,2026-02-20 16:25:38,SYSTEM_ADMIN,2026-02-20 16:25:38
RVW-00395,CRS-0003,ACA-0005,LNR-202600016,3.3,ภาพรวมดีแต่อยากได้โปรเจกต์จริงเพิ่มเติม,SYSTEM_ADMIN,2026-02-20 16:25:38,SYSTEM_ADMIN,2026-02-20 16:25:38
RVW-00396,CRS-0041,ACA-0004,LNR-202600150,4.7,อาจารย์สอนดี ตอบคำถามเร็ว,SYSTEM_ADMIN,2026-02-20 16:25:38,SYSTEM_ADMIN,2026-02-20 16:25:38
RVW-00397,CRS-0007,ACA-0005,LNR-202600141,4.1,ภาพรวมดีแต่อยากได้โปรเจกต์จริงเพิ่มเติม,SYSTEM_ADMIN,2026-02-20 16:25:38,SYSTEM_ADMIN,2026-02-20 16:25:38
RVW-00398,CRS-0019,ACA-0004,LNR-202600039,3.5,ภาพรวมดีแต่อยากได้โปรเจกต์จริงเพิ่มเติม,SYSTEM_ADMIN,2026-02-20 16:25:38,SYSTEM_ADMIN,2026-02-20 16:25:38
RVW-00399,CRS-0024,ACA-0003,LNR-202600142,3.2,คอร์สดีมาก เนื้อหาครบถ้วนเข้าใจง่าย,SYSTEM_ADMIN,2026-02-20 16:25:38,SYSTEM_ADMIN,2026-02-20 16:25:38
RVW-00400,CRS-0032,ACA-0002,LNR-202600075,4.9,คอร์สดีมาก เนื้อหาครบถ้วนเข้าใจง่าย,SYSTEM_ADMIN,2026-02-20 16:25:38,SYSTEM_ADMIN,2026-02-20 16:25:38
RVW-00401,CRS-0016,ACA-0004,LNR-202600094,4.4,คอร์สดีมาก เนื้อหาครบถ้วนเข้าใจง่าย,SYSTEM_ADMIN,2026-02-20 16:25:38,SYSTEM_ADMIN,2026-02-20 16:25:38
RVW-00402,CRS-0044,ACA-0002,LNR-202600047,3.0,เนื้อหาเหมาะกับผู้เริ่มต้น,SYSTEM_ADMIN,2026-02-20 16:25:38,SYSTEM_ADMIN,2026-02-20 16:25:38
RVW-00403,CRS-0037,ACA-0001,LNR-202600104,4.5,ภาพรวมดีแต่อยากได้โปรเจกต์จริงเพิ่มเติม,SYSTEM_ADMIN,2026-02-20 16:25:38,SYSTEM_ADMIN,2026-02-20 16:25:38
RVW-00404,CRS-0048,ACA-0004,LNR-202600006,4.7,ภาพรวมดีแต่อยากได้โปรเจกต์จริงเพิ่มเติม,SYSTEM_ADMIN,2026-02-20 16:25:38,SYSTEM_ADMIN,2026-02-20 16:25:38
RVW-00405,CRS-0017,ACA-0004,LNR-202600171,3.4,ภาพรวมดีแต่อยากได้โปรเจกต์จริงเพิ่มเติม,SYSTEM_ADMIN,2026-02-20 16:25:38,SYSTEM_ADMIN,2026-02-20 16:25:38
RVW-00406,CRS-0014,ACA-0004,LNR-202600024,3.7,เนื้อหาเหมาะกับผู้เริ่มต้น,SYSTEM_ADMIN,2026-02-20 16:25:38,SYSTEM_ADMIN,2026-02-20 16:25:38
RVW-00407,CRS-0023,ACA-0005,LNR-202600185,4.5,อาจารย์สอนดี ตอบคำถามเร็ว,SYSTEM_ADMIN,2026-02-20 16:25:38,SYSTEM_ADMIN,2026-02-20 16:25:38
RVW-00408,CRS-0027,ACA-0001,LNR-202600192,4.9,คอร์สดีมาก เนื้อหาครบถ้วนเข้าใจง่าย,SYSTEM_ADMIN,2026-02-20 16:25:38,SYSTEM_ADMIN,2026-02-20 16:25:38
RVW-00409,CRS-0002,ACA-0005,LNR-202600143,4.3,อาจารย์สอนดี ตอบคำถามเร็ว,SYSTEM_ADMIN,2026-02-20 16:25:38,SYSTEM_ADMIN,2026-02-20 16:25:38
RVW-00410,CRS-0027,ACA-0002,LNR-202600059,3.9,เนื้อหาเหมาะกับผู้เริ่มต้น,SYSTEM_ADMIN,2026-02-20 16:25:38,SYSTEM_ADMIN,2026-02-20 16:25:38
RVW-00411,CRS-0006,ACA-0003,LNR-202600095,4.4,เนื้อหาเหมาะกับผู้เริ่มต้น,SYSTEM_ADMIN,2026-02-20 16:25:38,SYSTEM_ADMIN,2026-02-20 16:25:38
RVW-00412,CRS-0024,ACA-0001,LNR-202600003,3.2,อาจารย์สอนดี ตอบคำถามเร็ว,SYSTEM_ADMIN,2026-02-20 16:25:38,SYSTEM_ADMIN,2026-02-20 16:25:38
RVW-00413,CRS-0027,ACA-0004,LNR-202600175,3.2,อาจารย์สอนดี ตอบคำถามเร็ว,SYSTEM_ADMIN,2026-02-20 16:25:38,SYSTEM_ADMIN,2026-02-20 16:25:38
RVW-00414,CRS-0014,ACA-0002,LNR-202600120,3.1,ภาพรวมดีแต่อยากได้โปรเจกต์จริงเพิ่มเติม,SYSTEM_ADMIN,2026-02-20 16:25:38,SYSTEM_ADMIN,2026-02-20 16:25:38
RVW-00415,CRS-0002,ACA-0003,LNR-202600131,4.1,คอร์สดีมาก เนื้อหาครบถ้วนเข้าใจง่าย,SYSTEM_ADMIN,2026-02-20 16:25:38,SYSTEM_ADMIN,2026-02-20 16:25:38
RVW-00416,CRS-0025,ACA-0003,LNR-202600046,5.0,เนื้อหาเหมาะกับผู้เริ่มต้น,SYSTEM_ADMIN,2026-02-20 16:25:38,SYSTEM_ADMIN,2026-02-20 16:25:38
RVW-00417,CRS-0032,ACA-0004,LNR-202600125,4.0,คอร์สดีมาก เนื้อหาครบถ้วนเข้าใจง่าย,SYSTEM_ADMIN,2026-02-20 16:25:38,SYSTEM_ADMIN,2026-02-20 16:25:38
RVW-00418,CRS-0045,ACA-0004,LNR-202600199,4.1,เนื้อหาเหมาะกับผู้เริ่มต้น,SYSTEM_ADMIN,2026-02-20 16:25:38,SYSTEM_ADMIN,2026-02-20 16:25:38
RVW-00419,CRS-0008,ACA-0003,LNR-202600066,3.8,คอร์สดีมาก เนื้อหาครบถ้วนเข้าใจง่าย,SYSTEM_ADMIN,2026-02-20 16:25:38,SYSTEM_ADMIN,2026-02-20 16:25:38
RVW-00420,CRS-0030,ACA-0001,LNR-202600117,3.4,เนื้อหาเหมาะกับผู้เริ่มต้น,SYSTEM_ADMIN,2026-02-20 16:25:38,SYSTEM_ADMIN,2026-02-20 16:25:38
RVW-00421,CRS-0006,ACA-0001,LNR-202600144,4.8,ภาพรวมดีแต่อยากได้โปรเจกต์จริงเพิ่มเติม,SYSTEM_ADMIN,2026-02-20 16:25:38,SYSTEM_ADMIN,2026-02-20 16:25:38
RVW-00422,CRS-0041,ACA-0003,LNR-202600096,4.4,อาจารย์สอนดี ตอบคำถามเร็ว,SYSTEM_ADMIN,2026-02-20 16:25:38,SYSTEM_ADMIN,2026-02-20 16:25:38
RVW-00423,CRS-0034,ACA-0002,LNR-202600096,4.2,ภาพรวมดีแต่อยากได้โปรเจกต์จริงเพิ่มเติม,SYSTEM_ADMIN,2026-02-20 16:25:38,SYSTEM_ADMIN,2026-02-20 16:25:38
RVW-00424,CRS-0039,ACA-0005,LNR-202600074,4.8,คอร์สดีมาก เนื้อหาครบถ้วนเข้าใจง่าย,SYSTEM_ADMIN,2026-02-20 16:25:38,SYSTEM_ADMIN,2026-02-20 16:25:38
RVW-00425,CRS-0046,ACA-0004,LNR-202600005,4.7,เนื้อหาเหมาะกับผู้เริ่มต้น,SYSTEM_ADMIN,2026-02-20 16:25:38,SYSTEM_ADMIN,2026-02-20 16:25:38
RVW-00426,CRS-0012,ACA-0005,LNR-202600113,4.8,คอร์สดีมาก เนื้อหาครบถ้วนเข้าใจง่าย,SYSTEM_ADMIN,2026-02-20 16:25:38,SYSTEM_ADMIN,2026-02-20 16:25:38
RVW-00427,CRS-0050,ACA-0003,LNR-202600026,4.3,ภาพรวมดีแต่อยากได้โปรเจกต์จริงเพิ่มเติม,SYSTEM_ADMIN,2026-02-20 16:25:38,SYSTEM_ADMIN,2026-02-20 16:25:38
RVW-00428,CRS-0006,ACA-0004,LNR-202600022,4.3,เนื้อหาเหมาะกับผู้เริ่มต้น,SYSTEM_ADMIN,2026-02-20 16:25:38,SYSTEM_ADMIN,2026-02-20 16:25:38
RVW-00429,CRS-0020,ACA-0005,LNR-202600074,4.0,อาจารย์สอนดี ตอบคำถามเร็ว,SYSTEM_ADMIN,2026-02-20 16:25:38,SYSTEM_ADMIN,2026-02-20 16:25:38
RVW-00430,CRS-0007,ACA-0001,LNR-202600101,4.6,อาจารย์สอนดี ตอบคำถามเร็ว,SYSTEM_ADMIN,2026-02-20 16:25:38,SYSTEM_ADMIN,2026-02-20 16:25:38
RVW-00431,CRS-0043,ACA-0001,LNR-202600179,3.8,ภาพรวมดีแต่อยากได้โปรเจกต์จริงเพิ่มเติม,SYSTEM_ADMIN,2026-02-20 16:25:38,SYSTEM_ADMIN,2026-02-20 16:25:38
RVW-00432,CRS-0011,ACA-0002,LNR-202600069,3.3,ภาพรวมดีแต่อยากได้โปรเจกต์จริงเพิ่มเติม,SYSTEM_ADMIN,2026-02-20 16:25:38,SYSTEM_ADMIN,2026-02-20 16:25:38
RVW-00433,CRS-0037,ACA-0003,LNR-202600193,4.3,ภาพรวมดีแต่อยากได้โปรเจกต์จริงเพิ่มเติม,SYSTEM_ADMIN,2026-02-20 16:25:38,SYSTEM_ADMIN,2026-02-20 16:25:38
RVW-00434,CRS-0006,ACA-0001,LNR-202600135,4.3,เนื้อหาเหมาะกับผู้เริ่มต้น,SYSTEM_ADMIN,2026-02-20 16:25:38,SYSTEM_ADMIN,2026-02-20 16:25:38
RVW-00435,CRS-0008,ACA-0004,LNR-202600054,3.2,ภาพรวมดีแต่อยากได้โปรเจกต์จริงเพิ่มเติม,SYSTEM_ADMIN,2026-02-20 16:25:38,SYSTEM_ADMIN,2026-02-20 16:25:38
RVW-00436,CRS-0007,ACA-0002,LNR-202600065,4.6,อาจารย์สอนดี ตอบคำถามเร็ว,SYSTEM_ADMIN,2026-02-20 16:25:38,SYSTEM_ADMIN,2026-02-20 16:25:38
RVW-00437,CRS-0005,ACA-0004,LNR-202600024,4.9,เนื้อหาเหมาะกับผู้เริ่มต้น,SYSTEM_ADMIN,2026-02-20 16:25:38,SYSTEM_ADMIN,2026-02-20 16:25:38
RVW-00438,CRS-0011,ACA-0004,LNR-202600141,4.3,อาจารย์สอนดี ตอบคำถามเร็ว,SYSTEM_ADMIN,2026-02-20 16:25:38,SYSTEM_ADMIN,2026-02-20 16:25:38
RVW-00439,CRS-0026,ACA-0004,LNR-202600106,3.8,อาจารย์สอนดี ตอบคำถามเร็ว,SYSTEM_ADMIN,2026-02-20 16:25:38,SYSTEM_ADMIN,2026-02-20 16:25:38
RVW-00440,CRS-0039,ACA-0004,LNR-202600023,3.7,คอร์สดีมาก เนื้อหาครบถ้วนเข้าใจง่าย,SYSTEM_ADMIN,2026-02-20 16:25:38,SYSTEM_ADMIN,2026-02-20 16:25:38
RVW-00441,CRS-0027,ACA-0003,LNR-202600091,3.1,คอร์สดีมาก เนื้อหาครบถ้วนเข้าใจง่าย,SYSTEM_ADMIN,2026-02-20 16:25:38,SYSTEM_ADMIN,2026-02-20 16:25:38
RVW-00442,CRS-0001,ACA-0003,LNR-202600197,4.5,เนื้อหาเหมาะกับผู้เริ่มต้น,SYSTEM_ADMIN,2026-02-20 16:25:38,SYSTEM_ADMIN,2026-02-20 16:25:38
RVW-00443,CRS-0008,ACA-0004,LNR-202600173,4.2,ภาพรวมดีแต่อยากได้โปรเจกต์จริงเพิ่มเติม,SYSTEM_ADMIN,2026-02-20 16:25:38,SYSTEM_ADMIN,2026-02-20 16:25:38
RVW-00444,CRS-0050,ACA-0001,LNR-202600132,4.7,อาจารย์สอนดี ตอบคำถามเร็ว,SYSTEM_ADMIN,2026-02-20 16:25:38,SYSTEM_ADMIN,2026-02-20 16:25:38
RVW-00445,CRS-0015,ACA-0003,LNR-202600099,4.6,ภาพรวมดีแต่อยากได้โปรเจกต์จริงเพิ่มเติม,SYSTEM_ADMIN,2026-02-20 16:25:38,SYSTEM_ADMIN,2026-02-20 16:25:38
RVW-00446,CRS-0006,ACA-0001,LNR-202600158,3.3,ภาพรวมดีแต่อยากได้โปรเจกต์จริงเพิ่มเติม,SYSTEM_ADMIN,2026-02-20 16:25:38,SYSTEM_ADMIN,2026-02-20 16:25:38
RVW-00447,CRS-0043,ACA-0005,LNR-202600090,4.2,อาจารย์สอนดี ตอบคำถามเร็ว,SYSTEM_ADMIN,2026-02-20 16:25:38,SYSTEM_ADMIN,2026-02-20 16:25:38
RVW-00448,CRS-0030,ACA-0004,LNR-202600059,4.8,อาจารย์สอนดี ตอบคำถามเร็ว,SYSTEM_ADMIN,2026-02-20 16:25:38,SYSTEM_ADMIN,2026-02-20 16:25:38
RVW-00449,CRS-0045,ACA-0002,LNR-202600049,3.9,เนื้อหาเหมาะกับผู้เริ่มต้น,SYSTEM_ADMIN,2026-02-20 16:25:38,SYSTEM_ADMIN,2026-02-20 16:25:38
RVW-00450,CRS-0019,ACA-0004,LNR-202600185,4.0,อาจารย์สอนดี ตอบคำถามเร็ว,SYSTEM_ADMIN,2026-02-20 16:25:38,SYSTEM_ADMIN,2026-02-20 16:25:38
RVW-00451,CRS-0028,ACA-0001,LNR-202600184,4.8,เนื้อหาเหมาะกับผู้เริ่มต้น,SYSTEM_ADMIN,2026-02-20 16:25:38,SYSTEM_ADMIN,2026-02-20 16:25:38
RVW-00452,CRS-0002,ACA-0001,LNR-202600040,4.2,คอร์สดีมาก เนื้อหาครบถ้วนเข้าใจง่าย,SYSTEM_ADMIN,2026-02-20 16:25:38,SYSTEM_ADMIN,2026-02-20 16:25:38
RVW-00453,CRS-0001,ACA-0004,LNR-202600076,4.4,เนื้อหาเหมาะกับผู้เริ่มต้น,SYSTEM_ADMIN,2026-02-20 16:25:38,SYSTEM_ADMIN,2026-02-20 16:25:38
RVW-00454,CRS-0010,ACA-0001,LNR-202600119,3.4,คอร์สดีมาก เนื้อหาครบถ้วนเข้าใจง่าย,SYSTEM_ADMIN,2026-02-20 16:25:38,SYSTEM_ADMIN,2026-02-20 16:25:38
RVW-00455,CRS-0037,ACA-0003,LNR-202600177,4.8,อาจารย์สอนดี ตอบคำถามเร็ว,SYSTEM_ADMIN,2026-02-20 16:25:38,SYSTEM_ADMIN,2026-02-20 16:25:38
RVW-00456,CRS-0009,ACA-0004,LNR-202600043,4.9,คอร์สดีมาก เนื้อหาครบถ้วนเข้าใจง่าย,SYSTEM_ADMIN,2026-02-20 16:25:38,SYSTEM_ADMIN,2026-02-20 16:25:38
RVW-00457,CRS-0016,ACA-0003,LNR-202600181,4.6,คอร์สดีมาก เนื้อหาครบถ้วนเข้าใจง่าย,SYSTEM_ADMIN,2026-02-20 16:25:38,SYSTEM_ADMIN,2026-02-20 16:25:38
RVW-00458,CRS-0001,ACA-0001,LNR-202600053,4.4,อาจารย์สอนดี ตอบคำถามเร็ว,SYSTEM_ADMIN,2026-02-20 16:25:38,SYSTEM_ADMIN,2026-02-20 16:25:38
RVW-00459,CRS-0047,ACA-0002,LNR-202600194,3.2,อาจารย์สอนดี ตอบคำถามเร็ว,SYSTEM_ADMIN,2026-02-20 16:25:38,SYSTEM_ADMIN,2026-02-20 16:25:38
RVW-00460,CRS-0003,ACA-0005,LNR-202600104,3.4,ภาพรวมดีแต่อยากได้โปรเจกต์จริงเพิ่มเติม,SYSTEM_ADMIN,2026-02-20 16:25:38,SYSTEM_ADMIN,2026-02-20 16:25:38
RVW-00461,CRS-0005,ACA-0001,LNR-202600172,4.5,ภาพรวมดีแต่อยากได้โปรเจกต์จริงเพิ่มเติม,SYSTEM_ADMIN,2026-02-20 16:25:38,SYSTEM_ADMIN,2026-02-20 16:25:38
RVW-00462,CRS-0036,ACA-0004,LNR-202600108,4.6,คอร์สดีมาก เนื้อหาครบถ้วนเข้าใจง่าย,SYSTEM_ADMIN,2026-02-20 16:25:38,SYSTEM_ADMIN,2026-02-20 16:25:38
RVW-00463,CRS-0049,ACA-0002,LNR-202600151,3.0,คอร์สดีมาก เนื้อหาครบถ้วนเข้าใจง่าย,SYSTEM_ADMIN,2026-02-20 16:25:38,SYSTEM_ADMIN,2026-02-20 16:25:38
RVW-00464,CRS-0039,ACA-0004,LNR-202600184,4.0,ภาพรวมดีแต่อยากได้โปรเจกต์จริงเพิ่มเติม,SYSTEM_ADMIN,2026-02-20 16:25:38,SYSTEM_ADMIN,2026-02-20 16:25:38
RVW-00465,CRS-0043,ACA-0005,LNR-202600104,4.8,ภาพรวมดีแต่อยากได้โปรเจกต์จริงเพิ่มเติม,SYSTEM_ADMIN,2026-02-20 16:25:38,SYSTEM_ADMIN,2026-02-20 16:25:38
RVW-00466,CRS-0027,ACA-0003,LNR-202600005,4.1,อาจารย์สอนดี ตอบคำถามเร็ว,SYSTEM_ADMIN,2026-02-20 16:25:38,SYSTEM_ADMIN,2026-02-20 16:25:38
RVW-00467,CRS-0014,ACA-0001,LNR-202600138,3.1,อาจารย์สอนดี ตอบคำถามเร็ว,SYSTEM_ADMIN,2026-02-20 16:25:38,SYSTEM_ADMIN,2026-02-20 16:25:38
RVW-00468,CRS-0023,ACA-0003,LNR-202600065,3.3,อาจารย์สอนดี ตอบคำถามเร็ว,SYSTEM_ADMIN,2026-02-20 16:25:38,SYSTEM_ADMIN,2026-02-20 16:25:38
RVW-00469,CRS-0047,ACA-0003,LNR-202600163,3.2,คอร์สดีมาก เนื้อหาครบถ้วนเข้าใจง่าย,SYSTEM_ADMIN,2026-02-20 16:25:38,SYSTEM_ADMIN,2026-02-20 16:25:38
RVW-00470,CRS-0044,ACA-0005,LNR-202600166,3.5,คอร์สดีมาก เนื้อหาครบถ้วนเข้าใจง่าย,SYSTEM_ADMIN,2026-02-20 16:25:38,SYSTEM_ADMIN,2026-02-20 16:25:38
RVW-00471,CRS-0012,ACA-0001,LNR-202600114,3.7,ภาพรวมดีแต่อยากได้โปรเจกต์จริงเพิ่มเติม,SYSTEM_ADMIN,2026-02-20 16:25:38,SYSTEM_ADMIN,2026-02-20 16:25:38
RVW-00472,CRS-0003,ACA-0002,LNR-202600145,4.7,คอร์สดีมาก เนื้อหาครบถ้วนเข้าใจง่าย,SYSTEM_ADMIN,2026-02-20 16:25:38,SYSTEM_ADMIN,2026-02-20 16:25:38
RVW-00473,CRS-0017,ACA-0002,LNR-202600165,3.2,คอร์สดีมาก เนื้อหาครบถ้วนเข้าใจง่าย,SYSTEM_ADMIN,2026-02-20 16:25:38,SYSTEM_ADMIN,2026-02-20 16:25:38
RVW-00474,CRS-0025,ACA-0004,LNR-202600096,4.4,อาจารย์สอนดี ตอบคำถามเร็ว,SYSTEM_ADMIN,2026-02-20 16:25:38,SYSTEM_ADMIN,2026-02-20 16:25:38
RVW-00475,CRS-0023,ACA-0001,LNR-202600118,3.3,เนื้อหาเหมาะกับผู้เริ่มต้น,SYSTEM_ADMIN,2026-02-20 16:25:38,SYSTEM_ADMIN,2026-02-20 16:25:38
RVW-00476,CRS-0021,ACA-0003,LNR-202600143,4.8,คอร์สดีมาก เนื้อหาครบถ้วนเข้าใจง่าย,SYSTEM_ADMIN,2026-02-20 16:25:38,SYSTEM_ADMIN,2026-02-20 16:25:38
RVW-00477,CRS-0014,ACA-0004,LNR-202600095,3.7,คอร์สดีมาก เนื้อหาครบถ้วนเข้าใจง่าย,SYSTEM_ADMIN,2026-02-20 16:25:38,SYSTEM_ADMIN,2026-02-20 16:25:38
RVW-00478,CRS-0036,ACA-0003,LNR-202600145,4.8,คอร์สดีมาก เนื้อหาครบถ้วนเข้าใจง่าย,SYSTEM_ADMIN,2026-02-20 16:25:38,SYSTEM_ADMIN,2026-02-20 16:25:38
RVW-00479,CRS-0019,ACA-0004,LNR-202600064,3.3,คอร์สดีมาก เนื้อหาครบถ้วนเข้าใจง่าย,SYSTEM_ADMIN,2026-02-20 16:25:38,SYSTEM_ADMIN,2026-02-20 16:25:38
RVW-00480,CRS-0005,ACA-0005,LNR-202600166,3.5,คอร์สดีมาก เนื้อหาครบถ้วนเข้าใจง่าย,SYSTEM_ADMIN,2026-02-20 16:25:38,SYSTEM_ADMIN,2026-02-20 16:25:38
RVW-00481,CRS-0032,ACA-0003,LNR-202600075,3.3,เนื้อหาเหมาะกับผู้เริ่มต้น,SYSTEM_ADMIN,2026-02-20 16:25:38,SYSTEM_ADMIN,2026-02-20 16:25:38
RVW-00482,CRS-0009,ACA-0001,LNR-202600175,4.6,คอร์สดีมาก เนื้อหาครบถ้วนเข้าใจง่าย,SYSTEM_ADMIN,2026-02-20 16:25:38,SYSTEM_ADMIN,2026-02-20 16:25:38
RVW-00483,CRS-0008,ACA-0005,LNR-202600003,3.9,เนื้อหาเหมาะกับผู้เริ่มต้น,SYSTEM_ADMIN,2026-02-20 16:25:38,SYSTEM_ADMIN,2026-02-20 16:25:38
RVW-00484,CRS-0043,ACA-0004,LNR-202600063,3.1,คอร์สดีมาก เนื้อหาครบถ้วนเข้าใจง่าย,SYSTEM_ADMIN,2026-02-20 16:25:38,SYSTEM_ADMIN,2026-02-20 16:25:38
RVW-00485,CRS-0040,ACA-0002,LNR-202600110,4.6,คอร์สดีมาก เนื้อหาครบถ้วนเข้าใจง่าย,SYSTEM_ADMIN,2026-02-20 16:25:38,SYSTEM_ADMIN,2026-02-20 16:25:38
RVW-00486,CRS-0049,ACA-0002,LNR-202600078,3.7,ภาพรวมดีแต่อยากได้โปรเจกต์จริงเพิ่มเติม,SYSTEM_ADMIN,2026-02-20 16:25:38,SYSTEM_ADMIN,2026-02-20 16:25:38
RVW-00487,CRS-0010,ACA-0002,LNR-202600052,3.3,คอร์สดีมาก เนื้อหาครบถ้วนเข้าใจง่าย,SYSTEM_ADMIN,2026-02-20 16:25:38,SYSTEM_ADMIN,2026-02-20 16:25:38
RVW-00488,CRS-0021,ACA-0001,LNR-202600084,4.2,เนื้อหาเหมาะกับผู้เริ่มต้น,SYSTEM_ADMIN,2026-02-20 16:25:38,SYSTEM_ADMIN,2026-02-20 16:25:38
RVW-00489,CRS-0047,ACA-0002,LNR-202600174,4.4,คอร์สดีมาก เนื้อหาครบถ้วนเข้าใจง่าย,SYSTEM_ADMIN,2026-02-20 16:25:38,SYSTEM_ADMIN,2026-02-20 16:25:38
RVW-00490,CRS-0027,ACA-0003,LNR-202600158,4.7,เนื้อหาเหมาะกับผู้เริ่มต้น,SYSTEM_ADMIN,2026-02-20 16:25:38,SYSTEM_ADMIN,2026-02-20 16:25:38
RVW-00491,CRS-0017,ACA-0005,LNR-202600162,4.0,คอร์สดีมาก เนื้อหาครบถ้วนเข้าใจง่าย,SYSTEM_ADMIN,2026-02-20 16:25:38,SYSTEM_ADMIN,2026-02-20 16:25:38
RVW-00492,CRS-0007,ACA-0003,LNR-202600022,4.0,คอร์สดีมาก เนื้อหาครบถ้วนเข้าใจง่าย,SYSTEM_ADMIN,2026-02-20 16:25:38,SYSTEM_ADMIN,2026-02-20 16:25:38
RVW-00493,CRS-0041,ACA-0002,LNR-202600200,4.1,คอร์สดีมาก เนื้อหาครบถ้วนเข้าใจง่าย,SYSTEM_ADMIN,2026-02-20 16:25:38,SYSTEM_ADMIN,2026-02-20 16:25:38
RVW-00494,CRS-0025,ACA-0005,LNR-202600029,4.6,เนื้อหาเหมาะกับผู้เริ่มต้น,SYSTEM_ADMIN,2026-02-20 16:25:38,SYSTEM_ADMIN,2026-02-20 16:25:38
RVW-00495,CRS-0023,ACA-0002,LNR-202600075,4.4,ภาพรวมดีแต่อยากได้โปรเจกต์จริงเพิ่มเติม,SYSTEM_ADMIN,2026-02-20 16:25:38,SYSTEM_ADMIN,2026-02-20 16:25:38
RVW-00496,CRS-0005,ACA-0002,LNR-202600087,4.9,ภาพรวมดีแต่อยากได้โปรเจกต์จริงเพิ่มเติม,SYSTEM_ADMIN,2026-02-20 16:25:38,SYSTEM_ADMIN,2026-02-20 16:25:38
RVW-00497,CRS-0005,ACA-0002,LNR-202600014,4.2,คอร์สดีมาก เนื้อหาครบถ้วนเข้าใจง่าย,SYSTEM_ADMIN,2026-02-20 16:25:38,SYSTEM_ADMIN,2026-02-20 16:25:38
RVW-00498,CRS-0041,ACA-0005,LNR-202600145,4.9,คอร์สดีมาก เนื้อหาครบถ้วนเข้าใจง่าย,SYSTEM_ADMIN,2026-02-20 16:25:38,SYSTEM_ADMIN,2026-02-20 16:25:38
RVW-00499,CRS-0033,ACA-0004,LNR-202600043,3.6,ภาพรวมดีแต่อยากได้โปรเจกต์จริงเพิ่มเติม,SYSTEM_ADMIN,2026-02-20 16:25:38,SYSTEM_ADMIN,2026-02-20 16:25:38
RVW-00500,CRS-0040,ACA-0003,LNR-202600188,4.4,อาจารย์สอนดี ตอบคำถามเร็ว,SYSTEM_ADMIN,2026-02-20 16:25:38,SYSTEM_ADMIN,2026-02-20 16:25:38
